"DISCOUNT","ENDTIME","ITEMEVALTOTALNUM","MAXPRICE","MINPRICE","ORDERS","ORIMAXPRICE","ORIMINPRICE","PHASE","PRODUCTAVERAGESTAR","PRODUCTDETAILURL","PRODUCTID","PRODUCTIMAGE","PRODUCTPOSITIVERATE","PRODUCTTITLE","PROMOTIONID","SELLERID","SHOPURL","STARTTIME","TOTALTRANPRO3"
"33","1627887599","0","US $16.75","US $11.22","156","US $16.75","US $16.75","1","4.7","//www.aliexpress.com/item/32731729533.html?pdp_ext_f=%7B%22sku_id%22:%2266156866496%22,%22ship_from%22:%22%22%7D&gps-id=5547572&scm=1007.19201.130907.0&scm_id=1007.19201.130907.0&scm-url=1007.19201.130907.0&pvid=95fa63ae-97f0-4976-8676-05f55468886f","32731729533","//ae01.alicdn.com/kf/HTB13eTLOpXXXXavapXXq6xXFXXXe.jpg_350x350.jpg","0.0","Gan 356 Air SM v2 Master puzzle magnetic magic speed gan cube 3x3x3 professional gans cube gan356 magnets toys GAN 356 RS","1910318460","201694041","//www.aliexpress.com/store/812908?t_activity=1&t_cache=1&gps-id=5547572&scm=1007.19201.130907.0&scm_id=1007.19201.130907.0&scm-url=1007.19201.130907.0&pvid=95fa63ae-97f0-4976-8676-05f55468886f","1627282800","156"
"46","1627628399","0","US $7.00","US $3.78","2193","US $7.00","US $7.00","1","4.5","//www.aliexpress.com/item/33012808097.html?pdp_ext_f=%7B%22sku_id%22:%2267197268747%22,%22ship_from%22:%22%22%7D&gps-id=5547572&scm=1007.19201.130907.0&scm_id=1007.19201.130907.0&scm-url=1007.19201.130907.0&pvid=95fa63ae-97f0-4976-8676-05f55468886f","33012808097","//ae01.alicdn.com/kf/HTB1d0uJU3HqK1RjSZFgq6y7JXXar.jpg_350x350.jpg","0.0","1PC Adjustable Stretchable Fridge Organizer Drawer Basket Refrigerator Pull-out Drawers Fresh Spacer Layer Storage Rack","1910613220","237987028","//www.aliexpress.com/store/4998043?t_activity=1&t_cache=1&gps-id=5547572&scm=1007.19201.130907.0&scm_id=1007.19201.130907.0&scm-url=1007.19201.130907.0&pvid=95fa63ae-97f0-4976-8676-05f55468886f","1627542000","2193"
"77","1627887599","0","US $4.49","US $0.99","1726","US $4.49","US $4.49","1","4.8","//www.aliexpress.com/item/32962880105.html?pdp_ext_f=%7B%22sku_id%22:%2266530717621%22,%22ship_from%22:%22%22%7D&gps-id=5547572&scm=1007.19201.130907.0&scm_id=1007.19201.130907.0&scm-url=1007.19201.130907.0&pvid=95fa63ae-97f0-4976-8676-05f55468886f","32962880105","//ae01.alicdn.com/kf/H4916e36e208b458289dfa6dccf41e206m.jpg_350x350.jpg","0.0","QiYi Sail W 3x3 Magic Cubes Stickerless Warrior S Professional Speed Puzzles Cubes Montessori Educational Toy For kid","1910318460","201694041","//www.aliexpress.com/store/812908?t_activity=1&t_cache=1&gps-id=5547572&scm=1007.19201.130907.0&scm_id=1007.19201.130907.0&scm-url=1007.19201.130907.0&pvid=95fa63ae-97f0-4976-8676-05f55468886f","1627282800","1726"
"33","1627887599","0","US $2.63","US $1.76","243","US $2.63","US $2.63","1","4.6","//www.aliexpress.com/item/4000495361282.html?pdp_ext_f=%7B%22sku_id%22:%2210000002264796828%22,%22ship_from%22:%22%22%7D&gps-id=5547572&scm=1007.19201.130907.0&scm_id=1007.19201.130907.0&scm-url=1007.19201.130907.0&pvid=95fa63ae-97f0-4976-8676-05f55468886f","4000495361282","//ae01.alicdn.com/kf/Ha6fefe806bde457ba3a649d71a92a8aab.jpg_350x350.jpg","0.0","20pcs/lot 304 Stainless Steel Earring Hooks Ear Wires with Loop for Dangle Earrings DIY Jewelry Making findings Accessories","1910318460","234532934","//www.aliexpress.com/store/4461023?t_activity=1&t_cache=1&gps-id=5547572&scm=1007.19201.130907.0&scm_id=1007.19201.130907.0&scm-url=1007.19201.130907.0&pvid=95fa63ae-97f0-4976-8676-05f55468886f","1627282800","243"
"21","1627887599","0","US $16.00","US $12.64","67","US $16.00","US $16.00","1","5.0","//www.aliexpress.com/item/4000761748242.html?pdp_ext_f=%7B%22sku_id%22:%2210000007564734740%22,%22ship_from%22:%22CN%22%7D&gps-id=5547572&scm=1007.19201.130907.0&scm_id=1007.19201.130907.0&scm-url=1007.19201.130907.0&pvid=95fa63ae-97f0-4976-8676-05f55468886f","4000761748242","//ae01.alicdn.com/kf/H55dc370d90994561b7b4144a9c3044658.jpg_350x350.jpg","0.0","Sneakers for Women Breathable Running Sports Shoes Increased Air Cushion Casual Shoes 5 Color","1910318460","240320499","//www.aliexpress.com/store/5615056?t_activity=1&t_cache=1&gps-id=5547572&scm=1007.19201.130907.0&scm_id=1007.19201.130907.0&scm-url=1007.19201.130907.0&pvid=95fa63ae-97f0-4976-8676-05f55468886f","1627282800","67"
"25","1627887599","0","US $2.18","US $1.63","1204","US $2.18","US $2.18","1","4.8","//www.aliexpress.com/item/4001094256009.html?pdp_ext_f=%7B%22sku_id%22:%2210000014378723692%22,%22ship_from%22:%22%22%7D&gps-id=5547572&scm=1007.19201.130907.0&scm_id=1007.19201.130907.0&scm-url=1007.19201.130907.0&pvid=95fa63ae-97f0-4976-8676-05f55468886f","4001094256009","//ae01.alicdn.com/kf/H06c05d23a0af4f3aba6a7de11a74a38fD.jpg_350x350.jpg","0.0","50pcs/lot Gold stainless steel Clasps Bails Charm Melon Seeds Buckle Pendant DIY Necklace Bracelet Connectors Jewelry Findings","1910318460","234532934","//www.aliexpress.com/store/4461023?t_activity=1&t_cache=1&gps-id=5547572&scm=1007.19201.130907.0&scm_id=1007.19201.130907.0&scm-url=1007.19201.130907.0&pvid=95fa63ae-97f0-4976-8676-05f55468886f","1627282800","1204"
"20","1627887599","0","US $25.70","US $20.56","958","US $25.70","US $25.70","1","4.6","//www.aliexpress.com/item/1005001298547086.html?pdp_ext_f=%7B%22sku_id%22:%2212000021657137075%22,%22ship_from%22:%22CN%22%7D&gps-id=5547572&scm=1007.19201.130907.0&scm_id=1007.19201.130907.0&scm-url=1007.19201.130907.0&pvid=95fa63ae-97f0-4976-8676-05f55468886f","1005001298547086","//ae01.alicdn.com/kf/H8125e36c64a44aaa882cbff449847e30y.jpg_350x350.jpg","0.0","Men Casual Shoes Outdoor Comfy Walking Sneakers Fashion Leisure Shoes Plus Size 38-48","1910318460","240320499","//www.aliexpress.com/store/5615056?t_activity=1&t_cache=1&gps-id=5547572&scm=1007.19201.130907.0&scm_id=1007.19201.130907.0&scm-url=1007.19201.130907.0&pvid=95fa63ae-97f0-4976-8676-05f55468886f","1627282800","958"
"25","1627887599","0","US $17.50","US $13.12","191","US $17.50","US $17.50","1","4.7","//www.aliexpress.com/item/1005001597467280.html?pdp_ext_f=%7B%22sku_id%22:%2212000016727744321%22,%22ship_from%22:%22CN%22%7D&gps-id=5547572&scm=1007.19201.130907.0&scm_id=1007.19201.130907.0&scm-url=1007.19201.130907.0&pvid=95fa63ae-97f0-4976-8676-05f55468886f","1005001597467280","//ae01.alicdn.com/kf/H7beda918b71340fba37e3ca5855da703Z.jpg_350x350.jpg","0.0","Running Shoes for Men Women Lightweight Walking Jogging Sport Sneakers Breathable Athletic Running Trainers Size 35-47","1910318460","240320499","//www.aliexpress.com/store/5615056?t_activity=1&t_cache=1&gps-id=5547572&scm=1007.19201.130907.0&scm_id=1007.19201.130907.0&scm-url=1007.19201.130907.0&pvid=95fa63ae-97f0-4976-8676-05f55468886f","1627282800","191"
"35","1627887599","0","US $5.32","US $3.46","1108","US $5.32","US $5.32","1","4.6","//www.aliexpress.com/item/1005001671336567.html?pdp_ext_f=%7B%22sku_id%22:%2212000017063083643%22,%22ship_from%22:%22%22%7D&gps-id=5547572&scm=1007.19201.130907.0&scm_id=1007.19201.130907.0&scm-url=1007.19201.130907.0&pvid=95fa63ae-97f0-4976-8676-05f55468886f","1005001671336567","//ae01.alicdn.com/kf/H0d37f1f37aca4c02a3a5e0c2bfa07be3L.jpg_350x350.jpg","0.0","YBLNTEK Hair Comb 9 Rows Styling Hair Brush Straight Curly Hair Detangling Brush Scalp Massage Hairbrush for Women Home Salon","1910318460","236886479","//www.aliexpress.com/store/5059260?t_activity=1&t_cache=1&gps-id=5547572&scm=1007.19201.130907.0&scm_id=1007.19201.130907.0&scm-url=1007.19201.130907.0&pvid=95fa63ae-97f0-4976-8676-05f55468886f","1627282800","1108"
"49","1627887599","0","US $13.79","US $7.03","6514","US $13.79","US $13.79","1","4.7","//www.aliexpress.com/item/1005001795499038.html?pdp_ext_f=%7B%22sku_id%22:%2212000022860791070%22,%22ship_from%22:%22CN%22%7D&gps-id=5547572&scm=1007.19201.130907.0&scm_id=1007.19201.130907.0&scm-url=1007.19201.130907.0&pvid=95fa63ae-97f0-4976-8676-05f55468886f","1005001795499038","//ae01.alicdn.com/kf/H2db24d4f039a42be9104ba1e4c2e4f70q.jpg_350x350.jpg","0.0","TWS Bluetooth-compatible Earphones Wireless Headphones with Mic Sports Waterproof Touch Control Wireless Earbuds Headsets Fone","1910318460","241855064","//www.aliexpress.com/store/5885011?t_activity=1&t_cache=1&gps-id=5547572&scm=1007.19201.130907.0&scm_id=1007.19201.130907.0&scm-url=1007.19201.130907.0&pvid=95fa63ae-97f0-4976-8676-05f55468886f","1627282800","6514"
"53","1627887599","0","US $5.96","US $2.80","1323","US $5.96","US $5.96","1","4.8","//www.aliexpress.com/item/1005001993099607.html?pdp_ext_f=%7B%22sku_id%22:%2212000022643131796%22,%22ship_from%22:%22CN%22%7D&gps-id=5547572&scm=1007.19201.130907.0&scm_id=1007.19201.130907.0&scm-url=1007.19201.130907.0&pvid=95fa63ae-97f0-4976-8676-05f55468886f","1005001993099607","//ae01.alicdn.com/kf/H603b6405b0214a02844c38667a3ac238R.jpg_350x350.jpg","0.0","Pokemon Card Transparent Sleeves Protector Pok√©mon V VMAX GX Mega EX Cartas Display Yugioh Playing Game Cards Case Kids Toy Gift","1910318460","248749998","//www.aliexpress.com/store/911305080?t_activity=1&t_cache=1&gps-id=5547572&scm=1007.19201.130907.0&scm_id=1007.19201.130907.0&scm-url=1007.19201.130907.0&pvid=95fa63ae-97f0-4976-8676-05f55468886f","1627282800","1323"
"72","1627628399","0","US $34.02","US $9.53","19676","US $34.02","US $34.02","1","4.8","//www.aliexpress.com/item/4000767502938.html?pdp_ext_f=%7B%22sku_id%22:%2212000016848374699%22,%22ship_from%22:%22CN%22%7D&gps-id=5547572&scm=1007.19201.130907.0&scm_id=1007.19201.130907.0&scm-url=1007.19201.130907.0&pvid=95fa63ae-97f0-4976-8676-05f55468886f","4000767502938","//ae01.alicdn.com/kf/Heb70cc5977074a2ea4a76db7a9b3144fQ.jpg_350x350.jpg","0.0","Clit Sucker Vagina Sucking Vibrator Clitoris Stimulator Blowjob Oral Nipple Sex Toys for Adult Women Masturbator Erotic Products","1910308905","240376297","//www.aliexpress.com/store/5628178?t_activity=1&t_cache=1&gps-id=5547572&scm=1007.19201.130907.0&scm_id=1007.19201.130907.0&scm-url=1007.19201.130907.0&pvid=95fa63ae-97f0-4976-8676-05f55468886f","1627455600","19676"
"51","1627714799","0","US $116.00","US $56.84","1517","US $116.00","US $116.00","1","4.8","//www.aliexpress.com/item/1005002034148124.html?pdp_ext_f=%7B%22sku_id%22:%2212000018486794744%22,%22ship_from%22:%22US%22%7D&gps-id=5547572&scm=1007.19201.130907.0&scm_id=1007.19201.130907.0&scm-url=1007.19201.130907.0&pvid=30824bf3-20ee-493c-b938-30485b75403c","1005002034148124","//ae01.alicdn.com/kf/H8c55b5afedd14d48b65beb974505d13bL.jpg_350x350.jpg","0.0","Bob Wig Short Brazilian Bone Straight Cheap Human Hair Wigs For Black Women Black Wig T Part Lace Bob Human Hair Wig Pre Plucked","1910293248","120456550","//www.aliexpress.com/store/406926?t_activity=1&t_cache=1&gps-id=5547572&scm=1007.19201.130907.0&scm_id=1007.19201.130907.0&scm-url=1007.19201.130907.0&pvid=30824bf3-20ee-493c-b938-30485b75403c","1627542000","1517"
"84","1627714799","0","US $138.83","US $22.21","25478","US $138.83","US $138.83","1","4.7","//www.aliexpress.com/item/1005002278750230.html?pdp_ext_f=%7B%22sku_id%22:%2212000019885913794%22,%22ship_from%22:%22ES%22%7D&gps-id=5547572&scm=1007.19201.130907.0&scm_id=1007.19201.130907.0&scm-url=1007.19201.130907.0&pvid=30824bf3-20ee-493c-b938-30485b75403c","1005002278750230","//ae01.alicdn.com/kf/H3194642cf29641eab1becd4353c1841dk.jpg_350x350.jpg","0.0","LIGE 2021 New Smart Watch Men Full Touch Screen Sport Fitness Watch IP67 Waterproof Bluetooth For Android ios smartwatch Men+box","1910293248","248285832","//www.aliexpress.com/store/911599296?t_activity=1&t_cache=1&gps-id=5547572&scm=1007.19201.130907.0&scm_id=1007.19201.130907.0&scm-url=1007.19201.130907.0&pvid=30824bf3-20ee-493c-b938-30485b75403c","1627542000","25478"
"67","1627628399","0","US $22.32","US $7.37","121255","US $22.32","US $22.32","1","4.7","//www.aliexpress.com/item/4000539506338.html?pdp_ext_f=%7B%22sku_id%22:%2212000016406259996%22,%22ship_from%22:%22CN%22%7D&gps-id=5547572&scm=1007.19201.130907.0&scm_id=1007.19201.130907.0&scm-url=1007.19201.130907.0&pvid=30824bf3-20ee-493c-b938-30485b75403c","4000539506338","//ae01.alicdn.com/kf/Ha9aac78e8d0549bb9c4d4fb805ba7ec49.jpg_350x350.jpg","0.0","TWS Bluetooth 5.0 Earphones 2200mAh Charging Box Wireless Headphone 9D Stereo Sports Waterproof Earbuds Headsets With Microphone","1910288455","232956230","//www.aliexpress.com/store/3891048?t_activity=1&t_cache=1&gps-id=5547572&scm=1007.19201.130907.0&scm_id=1007.19201.130907.0&scm-url=1007.19201.130907.0&pvid=30824bf3-20ee-493c-b938-30485b75403c","1627455600","121255"
"99","1627628399","0","US $5.84","US $0.01","35755","US $5.84","US $5.84","1","4.8","//www.aliexpress.com/item/1005001563368379.html?pdp_ext_f=%7B%22sku_id%22:%2212000016605691430%22,%22ship_from%22:%22%22%7D&gps-id=5547572&scm=1007.19201.130907.0&scm_id=1007.19201.130907.0&scm-url=1007.19201.130907.0&pvid=30824bf3-20ee-493c-b938-30485b75403c","1005001563368379","//ae01.alicdn.com/kf/H5e5d383f79ad4d4b991c784a43f6d7c5o.jpg_350x350.jpg","0.0","SILIKOLOVE Honeycomb Ice Cube Trays with Removable Lids Silica Gel Ice Cube Mold BPA Free","1910608224","230511127","//www.aliexpress.com/store/2950102?t_activity=1&t_cache=1&gps-id=5547572&scm=1007.19201.130907.0&scm_id=1007.19201.130907.0&scm-url=1007.19201.130907.0&pvid=30824bf3-20ee-493c-b938-30485b75403c","1627542000","35755"
"59","1627628399","0","US $102.72","US $42.12","32051","US $102.72","US $102.72","1","4.8","//www.aliexpress.com/item/4000517004580.html?pdp_ext_f=%7B%22sku_id%22:%2212000016191808432%22,%22ship_from%22:%22ES%22%7D&gps-id=5547572&scm=1007.19201.130907.0&scm_id=1007.19201.130907.0&scm-url=1007.19201.130907.0&pvid=30824bf3-20ee-493c-b938-30485b75403c","4000517004580","//ae01.alicdn.com/kf/H52b540a8f64144fc9842032a1439ea041.jpg_350x350.jpg","0.0","Deep Tissue Muscle Massage Gun Body Shoulder Back Neck Massager Exercising Athletes Relaxation Slimming Shaping Pain Relief","1910288455","228754193","//aliexpress.ru/store/2349025?t_activity=1&t_cache=1&gps-id=5547572&scm=1007.19201.130907.0&scm_id=1007.19201.130907.0&scm-url=1007.19201.130907.0&pvid=30824bf3-20ee-493c-b938-30485b75403c","1627455600","32051"
"52","1627887599","0","US $138.60","US $66.53","2510","US $138.60","US $138.60","1","4.7","//www.aliexpress.com/item/1005002062781826.html?pdp_ext_f=%7B%22sku_id%22:%2212000018605599326%22,%22ship_from%22:%22US%22%7D&gps-id=5547572&scm=1007.19201.130907.0&scm_id=1007.19201.130907.0&scm-url=1007.19201.130907.0&pvid=30824bf3-20ee-493c-b938-30485b75403c","1005002062781826","//ae01.alicdn.com/kf/H2914d56c9327444482053be9fd21f05de.jpg_350x350.jpg","0.0","13x4 Straight Lace Front Wig Human Hair Wigs For Women Human Hair 30 Inch Full Hd Transparent Lace Frontal Wig Brazilian Bob Wig","1910318460","239186647","//www.aliexpress.com/store/5871643?t_activity=1&t_cache=1&gps-id=5547572&scm=1007.19201.130907.0&scm_id=1007.19201.130907.0&scm-url=1007.19201.130907.0&pvid=30824bf3-20ee-493c-b938-30485b75403c","1627282800","2510"
"49","1627628399","0","US $37.43","US $19.09","7859","US $37.43","US $37.43","1","4.9","//www.aliexpress.com/item/1005002399955475.html?pdp_ext_f=%7B%22sku_id%22:%2212000020629950893%22,%22ship_from%22:%22US%22%7D&gps-id=5547572&scm=1007.19201.130907.0&scm_id=1007.19201.130907.0&scm-url=1007.19201.130907.0&pvid=30824bf3-20ee-493c-b938-30485b75403c","1005002399955475","//ae01.alicdn.com/kf/H8f7f66405cdb4366a2bb5aefa793375bD.jpg_350x350.jpg","0.0","20 Modes Clitoral Sucking Vibrator Female For Women Clit Clitoris Sucker Vacuum Stimulator Dildo Sex Toys Goods for Adults 18","1910297153","241621370","//www.aliexpress.com/store/911614595?t_activity=1&t_cache=1&gps-id=5547572&scm=1007.19201.130907.0&scm_id=1007.19201.130907.0&scm-url=1007.19201.130907.0&pvid=30824bf3-20ee-493c-b938-30485b75403c","1627455600","7859"
"48","1627714799","0","US $299.98","US $155.99","839","US $299.98","US $299.98","1","5.0","//www.aliexpress.com/item/1005002839785641.html?pdp_ext_f=%7B%22sku_id%22:%2212000022413620288%22,%22ship_from%22:%22FR%22%7D&gps-id=5547572&scm=1007.19201.130907.0&scm_id=1007.19201.130907.0&scm-url=1007.19201.130907.0&pvid=30824bf3-20ee-493c-b938-30485b75403c","1005002839785641","//ae01.alicdn.com/kf/Hcd3f8e453bea456c924d498e078cef5aU.jpg_350x350.jpg","0.0","[World Premiere] UMIDIGI BISON Pro Global Version Smartphone 128GB IP68/IP69K Helio G80 NFC 48MP Camera 6.3""FHD+ Screen 5000mAh","1910293248","234858389","//www.aliexpress.com/store/4665076?t_activity=1&t_cache=1&gps-id=5547572&scm=1007.19201.130907.0&scm_id=1007.19201.130907.0&scm-url=1007.19201.130907.0&pvid=30824bf3-20ee-493c-b938-30485b75403c","1627542000","839"
"50","1627628399","0","US $150.00","US $75.00","429","US $150.00","US $150.00","1","5.0","//www.aliexpress.com/item/1005002598706380.html?pdp_ext_f=%7B%22sku_id%22:%2212000021811516449%22,%22ship_from%22:%22CN%22%7D&gps-id=5547572&scm=1007.19201.130907.0&scm_id=1007.19201.130907.0&scm-url=1007.19201.130907.0&pvid=30824bf3-20ee-493c-b938-30485b75403c","1005002598706380","//ae01.alicdn.com/kf/H4153c4ce1aa94401bc7dd0fa87260edbu.png_350x350.png","0.0","30 Inch 99j Burgundy Lace Front Wig Bone Straight Human Hair Wigs For Women Pre Plucked Colored Hd Transparent Lace Frontal Wig","1910297153","120456550","//www.aliexpress.com/store/406926?t_activity=1&t_cache=1&gps-id=5547572&scm=1007.19201.130907.0&scm_id=1007.19201.130907.0&scm-url=1007.19201.130907.0&pvid=30824bf3-20ee-493c-b938-30485b75403c","1627455600","429"
"50","1627714799","0","US $139.72","US $69.86","290","US $139.72","US $139.72","1","5.0","//www.aliexpress.com/item/1005002815672836.html?pdp_ext_f=%7B%22sku_id%22:%2212000023247400534%22,%22ship_from%22:%22FR%22%7D&gps-id=5547572&scm=1007.19201.130907.0&scm_id=1007.19201.130907.0&scm-url=1007.19201.130907.0&pvid=30824bf3-20ee-493c-b938-30485b75403c","1005002815672836","//ae01.alicdn.com/kf/H9ee11eba17104db79511193f45c4bc0bO.jpg_350x350.jpg","0.0","Loose Deep Wave Frontal Wig Hd Glueless Full Lace Human Hair Wigs For Women 30 Inch Wet And Wavy Curly Water Wave Lace Front Wig","1910293248","239186647","//www.aliexpress.com/store/5871643?t_activity=1&t_cache=1&gps-id=5547572&scm=1007.19201.130907.0&scm_id=1007.19201.130907.0&scm-url=1007.19201.130907.0&pvid=30824bf3-20ee-493c-b938-30485b75403c","1627542000","290"
"91","1627887599","0","US $259.90","US $23.39","1861","US $259.90","US $259.90","1","4.7","//www.aliexpress.com/item/1005002329357886.html?pdp_ext_f=%7B%22sku_id%22:%2212000020112317837%22,%22ship_from%22:%22ES%22%7D&gps-id=5547572&scm=1007.19201.130907.0&scm_id=1007.19201.130907.0&scm-url=1007.19201.130907.0&pvid=30824bf3-20ee-493c-b938-30485b75403c","1005002329357886","//ae01.alicdn.com/kf/Hbfa31e99ffd043b98948ba0eb789075aj.jpg_350x350.jpg","0.0","2021 New Full circle touch screen Women smart watch Luxury steel Watch Band Fashion smartwatch Sport Activity tracker For Xiaomi","1910318460","240467848","//www.aliexpress.com/store/911708060?t_activity=1&t_cache=1&gps-id=5547572&scm=1007.19201.130907.0&scm_id=1007.19201.130907.0&scm-url=1007.19201.130907.0&pvid=30824bf3-20ee-493c-b938-30485b75403c","1627282800","1861"
"91","1627628399","0","US $249.90","US $22.49","2909","US $249.90","US $249.90","1","4.9","//www.aliexpress.com/item/4000523005156.html?pdp_ext_f=%7B%22sku_id%22:%2212000016321212900%22,%22ship_from%22:%22ES%22%7D&gps-id=5547572&scm=1007.19201.130907.0&scm_id=1007.19201.130907.0&scm-url=1007.19201.130907.0&pvid=30824bf3-20ee-493c-b938-30485b75403c","4000523005156","//ae01.alicdn.com/kf/H4666f7c17bc549ac92bcdb63703562e4A.jpg_350x350.jpg","0.0","NAVIFORCE Men Watch Top Luxury Brand Big Dial Sport Watches Mens Chronograph Quartz Wristwatch Date Male Clock Relogio Masculino","1910288455","229806002","//www.aliexpress.com/store/2795078?t_activity=1&t_cache=1&gps-id=5547572&scm=1007.19201.130907.0&scm_id=1007.19201.130907.0&scm-url=1007.19201.130907.0&pvid=30824bf3-20ee-493c-b938-30485b75403c","1627455600","2909"
"91","1627628399","0","US $249.90","US $22.49","3970","US $249.90","US $249.90","1","4.6","//www.aliexpress.com/item/1005002272490990.html?pdp_ext_f=%7B%22sku_id%22:%2212000020660108608%22,%22ship_from%22:%22ES%22%7D&gps-id=5547572&scm=1007.19201.130907.0&scm_id=1007.19201.130907.0&scm-url=1007.19201.130907.0&pvid=99475e17-ff83-4840-8827-0be7a7bd3f6a","1005002272490990","//ae01.alicdn.com/kf/H92a0660e761c419d8a8e03210de519a96.jpg_350x350.jpg","0.0","LIGE 2021 Bluetooth Answer Call Smart Watch Men Full Touch Dial Call Fitness Tracker IP67 Waterproof 4G ROM Smartwatch for women","1910288455","240467848","//aliexpress.ru/store/911708060?t_activity=1&t_cache=1&gps-id=5547572&scm=1007.19201.130907.0&scm_id=1007.19201.130907.0&scm-url=1007.19201.130907.0&pvid=99475e17-ff83-4840-8827-0be7a7bd3f6a","1627455600","3970"
"91","1627887599","0","US $189.90","US $17.09","1520","US $189.90","US $189.90","1","4.7","//www.aliexpress.com/item/4000579125556.html?pdp_ext_f=%7B%22sku_id%22:%2212000016763534436%22,%22ship_from%22:%22RU%22%7D&gps-id=5547572&scm=1007.19201.130907.0&scm_id=1007.19201.130907.0&scm-url=1007.19201.130907.0&pvid=99475e17-ff83-4840-8827-0be7a7bd3f6a","4000579125556","//ae01.alicdn.com/kf/Hdbbc800df2814c8589731241cad701dbS.jpg_350x350.jpg","0.0","LIGE Smart Watch Women Sports Smart Bracelet IP67 Waterproof Watch Pedometer Heart Rate Monitor LED color screen for Android ios","1910318460","240107904","//www.aliexpress.com/store/5589012?t_activity=1&t_cache=1&gps-id=5547572&scm=1007.19201.130907.0&scm_id=1007.19201.130907.0&scm-url=1007.19201.130907.0&pvid=99475e17-ff83-4840-8827-0be7a7bd3f6a","1627282800","1520"
"35","1627887599","0","US $69.57","US $45.22","126","US $69.57","US $69.57","1","5.0","//www.aliexpress.com/item/1005002939936400.html?pdp_ext_f=%7B%22sku_id%22:%2212000023034059698%22,%22ship_from%22:%22US%22%7D&gps-id=5547572&scm=1007.19201.130907.0&scm_id=1007.19201.130907.0&scm-url=1007.19201.130907.0&pvid=99475e17-ff83-4840-8827-0be7a7bd3f6a","1005002939936400","//ae01.alicdn.com/kf/Hbdce45e237b1474193698dcf7208e39cs.jpg_350x350.jpg","0.0","30 34 inch Deep Wave 13x4 13x6 Frontal Human Hair Wigs Pre Plucked Brazilian 5x5 Lace Closure Loose Water Curly Wig Black Women","1910322341","200985218","//www.aliexpress.com/store/109350?t_activity=1&t_cache=1&gps-id=5547572&scm=1007.19201.130907.0&scm_id=1007.19201.130907.0&scm-url=1007.19201.130907.0&pvid=99475e17-ff83-4840-8827-0be7a7bd3f6a","1627282800","126"
"91","1627714799","0","US $259.90","US $23.39","809","US $259.90","US $259.90","1","4.9","//www.aliexpress.com/item/1005002673860211.html?pdp_ext_f=%7B%22sku_id%22:%2212000021653352239%22,%22ship_from%22:%22RU%22%7D&gps-id=5547572&scm=1007.19201.130907.0&scm_id=1007.19201.130907.0&scm-url=1007.19201.130907.0&pvid=99475e17-ff83-4840-8827-0be7a7bd3f6a","1005002673860211","//ae01.alicdn.com/kf/Hfe7a2ea08a34433688e982bd3477db90p.jpg_350x350.jpg","0.0","LIGE Watches Mens Top Brand Luxury Clock Casual Stainless Steel 24Hour Moon Phase Men Watch Sport Waterproof Quartz Chronograph","1910293248","231389210","//www.aliexpress.com/store/3192086?t_activity=1&t_cache=1&gps-id=5547572&scm=1007.19201.130907.0&scm_id=1007.19201.130907.0&scm-url=1007.19201.130907.0&pvid=99475e17-ff83-4840-8827-0be7a7bd3f6a","1627542000","809"
"44","1627628399","0","US $16.77","US $9.39","19281","US $16.77","US $16.77","1","4.8","//www.aliexpress.com/item/32958909860.html?pdp_ext_f=%7B%22sku_id%22:%2266600103249%22,%22ship_from%22:%22CN%22%7D&gps-id=5547572&scm=1007.19201.130907.0&scm_id=1007.19201.130907.0&scm-url=1007.19201.130907.0&pvid=99475e17-ff83-4840-8827-0be7a7bd3f6a","32958909860","//ae01.alicdn.com/kf/Hcb69dd341e244f13b223b8b4bf343de3K.jpg_350x350.jpg","0.0","Wireless Dildos AV Vibrator Magic Wand for Women Clitoris Stimulator USB Rechargeable Massager Goods Sex Toys for Adults 18","1910297153","235064193","//www.aliexpress.com/store/4676032?t_activity=1&t_cache=1&gps-id=5547572&scm=1007.19201.130907.0&scm_id=1007.19201.130907.0&scm-url=1007.19201.130907.0&pvid=99475e17-ff83-4840-8827-0be7a7bd3f6a","1627455600","19281"
"92","1627628399","0","US $209.90","US $16.79","7878","US $209.90","US $209.90","1","4.7","//www.aliexpress.com/item/4000152895166.html?pdp_ext_f=%7B%22sku_id%22:%2212000020566913956%22,%22ship_from%22:%22RU%22%7D&gps-id=5547572&scm=1007.19201.130907.0&scm_id=1007.19201.130907.0&scm-url=1007.19201.130907.0&pvid=99475e17-ff83-4840-8827-0be7a7bd3f6a","4000152895166","//ae01.alicdn.com/kf/H92b6f2e19d704cc48bc0d599d15a1462v.jpg_350x350.jpg","0.0","LIGE 2021 New Fashion Mens Watches with Stainless Steel Top Brand Luxury Sports Chronograph Quartz Watch Men Relogio Masculino","1910288455","231389210","//www.aliexpress.com/store/3192086?t_activity=1&t_cache=1&gps-id=5547572&scm=1007.19201.130907.0&scm_id=1007.19201.130907.0&scm-url=1007.19201.130907.0&pvid=99475e17-ff83-4840-8827-0be7a7bd3f6a","1627455600","7878"
"91","1627628399","0","US $165.90","US $14.93","7763","US $165.90","US $165.90","1","4.5","//www.aliexpress.com/item/4001251691710.html?pdp_ext_f=%7B%22sku_id%22:%2210000015690647968%22,%22ship_from%22:%22CN%22%7D&gps-id=5547572&scm=1007.19201.130907.0&scm_id=1007.19201.130907.0&scm-url=1007.19201.130907.0&pvid=99475e17-ff83-4840-8827-0be7a7bd3f6a","4001251691710","//ae01.alicdn.com/kf/H6d15e046a133491a922f12bb7f75a80fy.jpg_350x350.jpg","0.0","2021 NEW Drone 4k profession HD Wide Angle Camera 1080P WiFi Fpv Drone Dual Camera  Height Keep Drones Camera Helicopter Toys","1910297153","231678247","//aliexpress.ru/store/3496013?t_activity=1&t_cache=1&gps-id=5547572&scm=1007.19201.130907.0&scm_id=1007.19201.130907.0&scm-url=1007.19201.130907.0&pvid=99475e17-ff83-4840-8827-0be7a7bd3f6a","1627455600","7763"
"54","1627628399","0","US $72.69","US $33.44","955","US $72.69","US $72.69","1","4.9","//www.aliexpress.com/item/4001280894937.html?pdp_ext_f=%7B%22sku_id%22:%2210000015590501337%22,%22ship_from%22:%22%22%7D&gps-id=5547572&scm=1007.19201.130907.0&scm_id=1007.19201.130907.0&scm-url=1007.19201.130907.0&pvid=99475e17-ff83-4840-8827-0be7a7bd3f6a","4001280894937","//ae01.alicdn.com/kf/Hd4fdc6a4390744bf9e3c5709ad3a80c5U.jpg_350x350.jpg","0.0","Kuololit 585 14K 10K Rose Gold Bubble Ring for Women Moissanite Solitaire Ring Matching Half Eternity Wedding Band Engagement","1910288455","232901648","//www.aliexpress.com/store/4434176?t_activity=1&t_cache=1&gps-id=5547572&scm=1007.19201.130907.0&scm_id=1007.19201.130907.0&scm-url=1007.19201.130907.0&pvid=99475e17-ff83-4840-8827-0be7a7bd3f6a","1627455600","955"
"97","1627887599","0","US $99.89","US $3.00","12","US $99.89","US $99.89","1","4.2","//www.aliexpress.com/item/1005001966685041.html?pdp_ext_f=%7B%22sku_id%22:%2212000018258549841%22,%22ship_from%22:%22CN%22%7D&gps-id=5547572&scm=1007.19201.130907.0&scm_id=1007.19201.130907.0&scm-url=1007.19201.130907.0&pvid=99475e17-ff83-4840-8827-0be7a7bd3f6a","1005001966685041","//ae01.alicdn.com/kf/H0113186084dd45bcb18ad8cbf887854ey.jpg_350x350.jpg","0.0","With Certificate 100% Original 925 Silver Wedding Rings for Women Natural 3 Carat Zirconia Diamond Rings Engagement Gift Jewelry","1910318460","240157039","//www.aliexpress.com/store/5560165?t_activity=1&t_cache=1&gps-id=5547572&scm=1007.19201.130907.0&scm_id=1007.19201.130907.0&scm-url=1007.19201.130907.0&pvid=99475e17-ff83-4840-8827-0be7a7bd3f6a","1627282800","12"
"82","1627628399","0","US $17.45","US $3.14","7998","US $17.45","US $17.45","1","4.8","//www.aliexpress.com/item/4000905617695.html?pdp_ext_f=%7B%22sku_id%22:%2212000020892811619%22,%22ship_from%22:%22%22%7D&gps-id=5547572&scm=1007.19201.130907.0&scm_id=1007.19201.130907.0&scm-url=1007.19201.130907.0&pvid=99475e17-ff83-4840-8827-0be7a7bd3f6a","4000905617695","//ae01.alicdn.com/kf/H11451dda71aa418db2f71abacd1c0064F.jpg_350x350.jpg","0.0","TERMEZY Women Sexy Lace Panties Low-waist Underwear Thong Female G String Breathable Lingerie Temptation Embroidery Intimates","1910288455","206091296","//www.aliexpress.com/store/432903?t_activity=1&t_cache=1&gps-id=5547572&scm=1007.19201.130907.0&scm_id=1007.19201.130907.0&scm-url=1007.19201.130907.0&pvid=99475e17-ff83-4840-8827-0be7a7bd3f6a","1627455600","7998"
"84","1627628399","0","US $117.53","US $18.80","3062","US $117.53","US $117.53","1","4.8","//www.aliexpress.com/item/4001125171156.html?pdp_ext_f=%7B%22sku_id%22:%2212000022223650386%22,%22ship_from%22:%22RU%22%7D&gps-id=5547572&scm=1007.19201.130907.0&scm_id=1007.19201.130907.0&scm-url=1007.19201.130907.0&pvid=99475e17-ff83-4840-8827-0be7a7bd3f6a","4001125171156","//ae01.alicdn.com/kf/H31add08f61194e0eb381d14fd0e36a694.jpg_350x350.jpg","0.0","Stainless Steel Kitchen Knives Set Tools Forged Kitchen Knife Scissors Ceramic Peeler Chef Slicer Nakiri Paring Knife Gift Case","1910297153","242406775","//www.aliexpress.com/store/5839127?t_activity=1&t_cache=1&gps-id=5547572&scm=1007.19201.130907.0&scm_id=1007.19201.130907.0&scm-url=1007.19201.130907.0&pvid=99475e17-ff83-4840-8827-0be7a7bd3f6a","1627455600","3062"
"70","1627973999","0","US $49.98","US $14.99","6610","US $49.98","US $49.98","1","4.8","//www.aliexpress.com/item/4001103686669.html?pdp_ext_f=%7B%22sku_id%22:%2212000020009142555%22,%22ship_from%22:%22FR%22%7D&gps-id=5547572&scm=1007.19201.130907.0&scm_id=1007.19201.130907.0&scm-url=1007.19201.130907.0&pvid=99475e17-ff83-4840-8827-0be7a7bd3f6a","4001103686669","//ae01.alicdn.com/kf/H75017e3085854ecc8c06fb67bd9dcf2bF.png_350x350.png","0.0","AmazeFan7in1RF&EMS Radio Mesotherapy Electroporation lifting Beauty LED Face Skin Rejuvenation Remover Wrinkle Radio Frequency","1910115477","240519403","//www.aliexpress.com/store/5742116?t_activity=1&t_cache=1&gps-id=5547572&scm=1007.19201.130907.0&scm_id=1007.19201.130907.0&scm-url=1007.19201.130907.0&pvid=99475e17-ff83-4840-8827-0be7a7bd3f6a","1627542000","6610"
"92","1627714799","0","US $239.90","US $19.19","11652","US $239.90","US $239.90","1","4.8","//www.aliexpress.com/item/32982338666.html?pdp_ext_f=%7B%22sku_id%22:%2212000020564056666%22,%22ship_from%22:%22CN%22%7D&gps-id=5547572&scm=1007.19201.130907.0&scm_id=1007.19201.130907.0&scm-url=1007.19201.130907.0&pvid=a2f832a3-7c43-47a7-ab7f-987259a166b2","32982338666","//ae01.alicdn.com/kf/H391b315a25064cfcbe5a2341dd12f8d51.jpg_350x350.jpg","0.0","CURREN Casual Sport Watches for Men Blue Top Brand Luxury Military Leather Wrist Watch Man Clock Fashion Chronograph Wristwatch","1910293248","232071719","//www.aliexpress.com/store/3598014?t_activity=1&t_cache=1&gps-id=5547572&scm=1007.19201.130907.0&scm_id=1007.19201.130907.0&scm-url=1007.19201.130907.0&pvid=a2f832a3-7c43-47a7-ab7f-987259a166b2","1627542000","11652"
"92","1627714799","0","US $209.90","US $16.79","3107","US $209.90","US $209.90","1","4.8","//www.aliexpress.com/item/4000109612070.html?pdp_ext_f=%7B%22sku_id%22:%2210000009746426320%22,%22ship_from%22:%22CN%22%7D&gps-id=5547572&scm=1007.19201.130907.0&scm_id=1007.19201.130907.0&scm-url=1007.19201.130907.0&pvid=a2f832a3-7c43-47a7-ab7f-987259a166b2","4000109612070","//ae01.alicdn.com/kf/H7e19bf5baa284ef0898dd99f990f6716L.jpg_350x350.jpg","0.0","CURREN Men Watch Top Brand Luxury Sports Quartz Mens Watches Full Steel Waterproof Chronograph Wristwatch Men Relogio Masculino","1910293248","201652940","//www.aliexpress.com/store/324105?t_activity=1&t_cache=1&gps-id=5547572&scm=1007.19201.130907.0&scm_id=1007.19201.130907.0&scm-url=1007.19201.130907.0&pvid=a2f832a3-7c43-47a7-ab7f-987259a166b2","1627542000","3107"
"91","1627628399","0","US $329.90","US $29.69","907","US $329.90","US $329.90","1","4.8","//www.aliexpress.com/item/1005002296692736.html?pdp_ext_f=%7B%22sku_id%22:%2212000019967673710%22,%22ship_from%22:%22CN%22%7D&gps-id=5547572&scm=1007.19201.130907.0&scm_id=1007.19201.130907.0&scm-url=1007.19201.130907.0&pvid=a2f832a3-7c43-47a7-ab7f-987259a166b2","1005002296692736","//ae01.alicdn.com/kf/Hbb8cad010e83492782e6d41ac050b288j.jpg_350x350.jpg","0.0","LIGE 2021 New Smart Watch Men Full Touch Screen Sports Fitness Watch Waterproof Bluetooth Call For Android iOS Smartwatch Mens","1910288455","234594952","//www.aliexpress.com/store/4475023?t_activity=1&t_cache=1&gps-id=5547572&scm=1007.19201.130907.0&scm_id=1007.19201.130907.0&scm-url=1007.19201.130907.0&pvid=a2f832a3-7c43-47a7-ab7f-987259a166b2","1627455600","907"
"53","1627628399","0","US $44.00","US $20.68","838","US $44.00","US $44.00","1","4.9","//www.aliexpress.com/item/1005002930832517.html?pdp_ext_f=%7B%22sku_id%22:%2212000022875373999%22,%22ship_from%22:%22CN%22%7D&gps-id=5547572&scm=1007.19201.130907.0&scm_id=1007.19201.130907.0&scm-url=1007.19201.130907.0&pvid=a2f832a3-7c43-47a7-ab7f-987259a166b2","1005002930832517","//ae01.alicdn.com/kf/Hc501131006e34d2b967ab2fdb08037dbS.jpg_350x350.jpg","0.0","Lemfo Iwo 13 Pro W37 Smart Watch Men 2021 Bluetooth Call Custom Dial Sleep Monitor Women Smartwatch Pk Dt100 Hw16 Smart Watch","1910288455","238714196","//www.aliexpress.com/store/5044145?t_activity=1&t_cache=1&gps-id=5547572&scm=1007.19201.130907.0&scm_id=1007.19201.130907.0&scm-url=1007.19201.130907.0&pvid=a2f832a3-7c43-47a7-ab7f-987259a166b2","1627455600","838"
"46","1627628399","0","US $54.98","US $29.69","4997","US $54.98","US $54.98","1","4.9","//www.aliexpress.com/item/1005001604488109.html?pdp_ext_f=%7B%22sku_id%22:%2212000022881929632%22,%22ship_from%22:%22RU%22%7D&gps-id=5547572&scm=1007.19201.130907.0&scm_id=1007.19201.130907.0&scm-url=1007.19201.130907.0&pvid=a2f832a3-7c43-47a7-ab7f-987259a166b2","1005001604488109","//ae01.alicdn.com/kf/Hf302f3833d4a4f5fa7de034db7272453c.jpg_350x350.jpg","0.0","Baseus D02 Pro Wireless Headphones Bluetooth 5.0 Headset Earphone Foldable Sport Headphone Gaming Phone Fone Bluetooth Earbuds","1910297153","231246967","//www.aliexpress.com/store/3179007?t_activity=1&t_cache=1&gps-id=5547572&scm=1007.19201.130907.0&scm_id=1007.19201.130907.0&scm-url=1007.19201.130907.0&pvid=a2f832a3-7c43-47a7-ab7f-987259a166b2","1627455600","4997"
"91","1627628399","0","US $239.90","US $21.59","6845","US $239.90","US $239.90","1","4.7","//www.aliexpress.com/item/1005001808363550.html?pdp_ext_f=%7B%22sku_id%22:%2212000023008956797%22,%22ship_from%22:%22PL%22%7D&gps-id=5547572&scm=1007.19201.130907.0&scm_id=1007.19201.130907.0&scm-url=1007.19201.130907.0&pvid=a2f832a3-7c43-47a7-ab7f-987259a166b2","1005001808363550","//ae01.alicdn.com/kf/H2e7ee9dda23842dfbb859b34a8355a525.jpg_350x350.jpg","0.0","10000mAh Bike Light USB Rechargeable 5000 Lumens Bike Headlight 6T6 LED Super Bright Flashlight Front Lights and Back Rear light","1910297153","228289701","//www.aliexpress.com/store/2216005?t_activity=1&t_cache=1&gps-id=5547572&scm=1007.19201.130907.0&scm_id=1007.19201.130907.0&scm-url=1007.19201.130907.0&pvid=a2f832a3-7c43-47a7-ab7f-987259a166b2","1627455600","6845"
"91","1627887599","0","US $169.90","US $15.29","383","US $169.90","US $169.90","1","4.6","//www.aliexpress.com/item/33062034532.html?pdp_ext_f=%7B%22sku_id%22:%2267607332385%22,%22ship_from%22:%22%22%7D&gps-id=5547572&scm=1007.19201.130907.0&scm_id=1007.19201.130907.0&scm-url=1007.19201.130907.0&pvid=a2f832a3-7c43-47a7-ab7f-987259a166b2","33062034532","//ae01.alicdn.com/kf/H67bf492cf9f5429fa07d55a8262c47edA.jpg_350x350.jpg","0.0","LIGE Fashion Women Watches Ladies Top Brand luxury Waterproof Gold Quartz Watch Women Stainless Steel Date Wear Gift Clock 2021","1910318463","234648111","//www.aliexpress.com/store/4663062?t_activity=1&t_cache=1&gps-id=5547572&scm=1007.19201.130907.0&scm_id=1007.19201.130907.0&scm-url=1007.19201.130907.0&pvid=a2f832a3-7c43-47a7-ab7f-987259a166b2","1627282800","383"
"70","1627887599","0","US $9.98","US $2.99","1123","US $9.98","US $9.98","1","4.9","//www.aliexpress.com/item/1005001934461801.html?pdp_ext_f=%7B%22sku_id%22:%2212000018347646066%22,%22ship_from%22:%22%22%7D&gps-id=5547572&scm=1007.19201.130907.0&scm_id=1007.19201.130907.0&scm-url=1007.19201.130907.0&pvid=a2f832a3-7c43-47a7-ab7f-987259a166b2","1005001934461801","//ae01.alicdn.com/kf/Ha04ab7bbda1e426f884888640373bd3bG.jpg_350x350.jpg","0.0","Eyelash Wholesale 4/20/50/100 Pcs 3D Mink Lashes Natural False Eyelashes Reusable Messy Fake Lashes In Bulk Cilios Makeup","1910318460","236821822","//www.aliexpress.com/store/4793004?t_activity=1&t_cache=1&gps-id=5547572&scm=1007.19201.130907.0&scm_id=1007.19201.130907.0&scm-url=1007.19201.130907.0&pvid=a2f832a3-7c43-47a7-ab7f-987259a166b2","1627282800","1123"
"78","1627887599","0","US $4.57","US $0.99","491","US $4.57","US $4.57","1","4.9","//www.aliexpress.com/item/1005001586723176.html?pdp_ext_f=%7B%22sku_id%22:%2212000021725100322%22,%22ship_from%22:%22%22%7D&gps-id=5547572&scm=1007.19201.130907.0&scm_id=1007.19201.130907.0&scm-url=1007.19201.130907.0&pvid=a2f832a3-7c43-47a7-ab7f-987259a166b2","1005001586723176","//ae01.alicdn.com/kf/Haefaa152ec41484096d9844ecadf9a62M.jpg_350x350.jpg","0.0","HOCO 100W USB C To USB Type C Cable 5A 100W PD Fast Charging for Macbook iPad Support Quick Charge For Samsung S20 Xiaomi 10 Pro","1910318463","228442145","//www.aliexpress.com/store/2268006?t_activity=1&t_cache=1&gps-id=5547572&scm=1007.19201.130907.0&scm_id=1007.19201.130907.0&scm-url=1007.19201.130907.0&pvid=a2f832a3-7c43-47a7-ab7f-987259a166b2","1627282800","491"
"33","1627887599","0","US $83.10","US $55.68","721","US $83.10","US $83.10","1","4.9","//www.aliexpress.com/item/1005001736817351.html?pdp_ext_f=%7B%22sku_id%22:%2212000023242947740%22,%22ship_from%22:%22US%22%7D&gps-id=5547572&scm=1007.19201.130907.0&scm_id=1007.19201.130907.0&scm-url=1007.19201.130907.0&pvid=a2f832a3-7c43-47a7-ab7f-987259a166b2","1005001736817351","//ae01.alicdn.com/kf/H149da11160f74259b30ddfeee9978112C.jpg_350x350.jpg","0.0","613 Human Hair Lace Frontal Wigs Bodywave Wig Honey Blonde Human Hair Wig 13x4 Lace Front Wigs For Black Women Brazilian Hair","1910318460","243645162","//www.aliexpress.com/store/5885675?t_activity=1&t_cache=1&gps-id=5547572&scm=1007.19201.130907.0&scm_id=1007.19201.130907.0&scm-url=1007.19201.130907.0&pvid=a2f832a3-7c43-47a7-ab7f-987259a166b2","1627282800","721"
"74","1627714799","0","US $14.30","US $3.72","19242","US $14.30","US $14.30","1","4.8","//www.aliexpress.com/item/1005002004376801.html?pdp_ext_f=%7B%22sku_id%22:%2212000018383604507%22,%22ship_from%22:%22%22%7D&gps-id=5547572&scm=1007.19201.130907.0&scm_id=1007.19201.130907.0&scm-url=1007.19201.130907.0&pvid=a2f832a3-7c43-47a7-ab7f-987259a166b2","1005002004376801","//ae01.alicdn.com/kf/H5e104a34bcd94078a6dbb9b86a978345X.jpg_350x350.jpg","0.0","FINETOO Cotton Brazilian Panties Women Sexy V Waist G-String Underwear Female T-back Underpants M-XL Lady Bikini Panty 3Pcs/set","1910293248","234543971","//www.aliexpress.com/store/4501033?t_activity=1&t_cache=1&gps-id=5547572&scm=1007.19201.130907.0&scm_id=1007.19201.130907.0&scm-url=1007.19201.130907.0&pvid=a2f832a3-7c43-47a7-ab7f-987259a166b2","1627542000","19242"
"82","1627628399","0","US $19.95","US $3.59","1894","US $19.95","US $19.95","1","5.0","//www.aliexpress.com/item/1005002833096047.html?pdp_ext_f=%7B%22sku_id%22:%2212000022835261634%22,%22ship_from%22:%22CN%22%7D&gps-id=5547572&scm=1007.19201.130907.0&scm_id=1007.19201.130907.0&scm-url=1007.19201.130907.0&pvid=a2f832a3-7c43-47a7-ab7f-987259a166b2","1005002833096047","//ae01.alicdn.com/kf/Hf65b61a1b70142b6a1e249a02b80fd6eY.jpg_350x350.jpg","0.0","3PCS/Set Perspective Panties Sexy Women Underwear Floral Lace Panties Female Lingerie Briefs for Woman Intimate Pantys Plus Size","1910288455","241860361","//www.aliexpress.com/store/5788753?t_activity=1&t_cache=1&gps-id=5547572&scm=1007.19201.130907.0&scm_id=1007.19201.130907.0&scm-url=1007.19201.130907.0&pvid=a2f832a3-7c43-47a7-ab7f-987259a166b2","1627455600","1894"
"83","1627628399","0","US $164.95","US $28.04","2594","US $164.95","US $164.95","1","4.6","//www.aliexpress.com/item/1005001672112988.html?pdp_ext_f=%7B%22sku_id%22:%2212000017074915477%22,%22ship_from%22:%22RU%22%7D&gps-id=5547572&scm=1007.19201.130907.0&scm_id=1007.19201.130907.0&scm-url=1007.19201.130907.0&pvid=ca64f037-a18c-4a7f-8331-8b6d29349785","1005001672112988","//ae01.alicdn.com/kf/Hb22f9c788e994fedb935620f66507dfdC.jpg_350x350.jpg","0.0","LIGE New Men Smart watch Heart rate Blood pressure IP68 waterproof sports Fitness watch Luxury Smart watch male for iOS Android","1910288455","240430303","//www.aliexpress.com/store/910456031?t_activity=1&t_cache=1&gps-id=5547572&scm=1007.19201.130907.0&scm_id=1007.19201.130907.0&scm-url=1007.19201.130907.0&pvid=ca64f037-a18c-4a7f-8331-8b6d29349785","1627455600","2594"
"52","1627714799","0","US $24.84","US $11.92","67","US $24.84","US $24.84","1","4.8","//www.aliexpress.com/item/1005002664628343.html?pdp_ext_f=%7B%22sku_id%22:%2212000021616651695%22,%22ship_from%22:%22CN%22%7D&gps-id=5547572&scm=1007.19201.130907.0&scm_id=1007.19201.130907.0&scm-url=1007.19201.130907.0&pvid=ca64f037-a18c-4a7f-8331-8b6d29349785","1005002664628343","//ae01.alicdn.com/kf/Hc4b77b65c0504edabbcc4bc5d774daa0K.jpg_350x350.jpg","0.0","SMAEL Top Luxury Watches Men Dual Display Watch Waterproof Sport Wristwatch Mens Military Army Clock Male 1921 Relogio Masculino","1910293248","123438163","//www.aliexpress.com/store/914894?t_activity=1&t_cache=1&gps-id=5547572&scm=1007.19201.130907.0&scm_id=1007.19201.130907.0&scm-url=1007.19201.130907.0&pvid=ca64f037-a18c-4a7f-8331-8b6d29349785","1627542000","67"
"91","1627628399","0","US $229.90","US $20.69","5524","US $229.90","US $229.90","1","4.9","//www.aliexpress.com/item/4000048626905.html?pdp_ext_f=%7B%22sku_id%22:%2210000010468270579%22,%22ship_from%22:%22RU%22%7D&gps-id=5547572&scm=1007.19201.130907.0&scm_id=1007.19201.130907.0&scm-url=1007.19201.130907.0&pvid=ca64f037-a18c-4a7f-8331-8b6d29349785","4000048626905","//ae01.alicdn.com/kf/Haf0e33039b5241e69c10e320df42c10cQ.jpg_350x350.jpg","0.0","NAVIFORCE Men Military Sport Wrist Watch Gold Quartz Steel Waterproof Dual Display Male Clock Watches Relogio Masculino 9163","1910288455","237585399","//www.aliexpress.com/store/4964046?t_activity=1&t_cache=1&gps-id=5547572&scm=1007.19201.130907.0&scm_id=1007.19201.130907.0&scm-url=1007.19201.130907.0&pvid=ca64f037-a18c-4a7f-8331-8b6d29349785","1627455600","5524"
"91","1627887599","0","US $209.90","US $18.89","660","US $209.90","US $209.90","1","4.7","//www.aliexpress.com/item/1005001448569465.html?pdp_ext_f=%7B%22sku_id%22:%2212000016158085868%22,%22ship_from%22:%22RU%22%7D&gps-id=5547572&scm=1007.19201.130907.0&scm_id=1007.19201.130907.0&scm-url=1007.19201.130907.0&pvid=ca64f037-a18c-4a7f-8331-8b6d29349785","1005001448569465","//ae01.alicdn.com/kf/H6c989a191b6840e8b255b5b743d229779.jpg_350x350.jpg","0.0","Computer Speakers Detachable Bluetooth Speaker Bar Surround Sound Subwoofer For Computer PC Laptop USB Wired Dual Music Player","1910318460","239649026","//www.aliexpress.com/store/5420070?t_activity=1&t_cache=1&gps-id=5547572&scm=1007.19201.130907.0&scm_id=1007.19201.130907.0&scm-url=1007.19201.130907.0&pvid=ca64f037-a18c-4a7f-8331-8b6d29349785","1627282800","660"
"91","1627887599","0","US $19.98","US $1.80","464","US $19.98","US $19.98","1","4.7","//www.aliexpress.com/item/4001354317610.html?pdp_ext_f=%7B%22sku_id%22:%2212000022635260626%22,%22ship_from%22:%22%22%7D&gps-id=5547572&scm=1007.19201.130907.0&scm_id=1007.19201.130907.0&scm-url=1007.19201.130907.0&pvid=ca64f037-a18c-4a7f-8331-8b6d29349785","4001354317610","//ae01.alicdn.com/kf/H5fd4799607d543688a1a4f1fba18733cZ.jpg_350x350.jpg","0.0","2021 New Sunglasses Sunglasses Sunglasses Anti-UV Sunglasses Men and Women Fashion Trend Sunglasses classic design","1910318463","238075576","//www.aliexpress.com/store/5884458?t_activity=1&t_cache=1&gps-id=5547572&scm=1007.19201.130907.0&scm_id=1007.19201.130907.0&scm-url=1007.19201.130907.0&pvid=ca64f037-a18c-4a7f-8331-8b6d29349785","1627282800","464"
"91","1627887599","0","US $251.20","US $22.61","28","US $251.20","US $251.20","1","4.8","//www.aliexpress.com/item/32825136021.html?pdp_ext_f=%7B%22sku_id%22:%2264956401850%22,%22ship_from%22:%22%22%7D&gps-id=5547572&scm=1007.19201.130907.0&scm_id=1007.19201.130907.0&scm-url=1007.19201.130907.0&pvid=ca64f037-a18c-4a7f-8331-8b6d29349785","32825136021","//ae01.alicdn.com/kf/H682045edf58249239a1e40e1c41f3b55Y.jpg_350x350.jpg","0.0","MISSFOX Women Watch Luxury Brand Fashion Designer Campaign Arabic Numeral Watches Ladies Quartz Waterproof Watch For Women","1910318463","230883089","//www.aliexpress.com/store/3095070?t_activity=1&t_cache=1&gps-id=5547572&scm=1007.19201.130907.0&scm_id=1007.19201.130907.0&scm-url=1007.19201.130907.0&pvid=ca64f037-a18c-4a7f-8331-8b6d29349785","1627282800","28"
"91","1627628399","0","US $399.90","US $35.99","289","US $399.90","US $399.90","1","4.7","//www.aliexpress.com/item/1005002411225317.html?pdp_ext_f=%7B%22sku_id%22:%2212000020564247105%22,%22ship_from%22:%22CN%22%7D&gps-id=5547572&scm=1007.19201.130907.0&scm_id=1007.19201.130907.0&scm-url=1007.19201.130907.0&pvid=ca64f037-a18c-4a7f-8331-8b6d29349785","1005002411225317","//ae01.alicdn.com/kf/Hcd4b831c94764386a34ce2921ef3c9692.jpg_350x350.jpg","0.0","LIGE 2021 Full circle touch screen steel Band luxury Bluetooth call Men smart watch Waterproof Sport Activity fitness watch+box","1910288455","240467848","//www.aliexpress.com/store/911708060?t_activity=1&t_cache=1&gps-id=5547572&scm=1007.19201.130907.0&scm_id=1007.19201.130907.0&scm-url=1007.19201.130907.0&pvid=ca64f037-a18c-4a7f-8331-8b6d29349785","1627455600","289"
"91","1627887599","0","US $123.09","US $11.08","584","US $123.09","US $123.09","1","4.7","//www.aliexpress.com/item/1005001873569439.html?pdp_ext_f=%7B%22sku_id%22:%2212000021900042458%22,%22ship_from%22:%22CN%22%7D&gps-id=5547572&scm=1007.19201.130907.0&scm_id=1007.19201.130907.0&scm-url=1007.19201.130907.0&pvid=ca64f037-a18c-4a7f-8331-8b6d29349785","1005001873569439","//ae01.alicdn.com/kf/H3f681cc7065d4cbe9f085a8e960aec8aO.jpg_350x350.jpg","0.0","360COB Outdoor Solar LED Street Light Waterproof Wall Lamp Remote Control Upgrad Lantern Garden Square Highway Enhance Lighting","1910318460","232150754","//www.aliexpress.com/store/3652099?t_activity=1&t_cache=1&gps-id=5547572&scm=1007.19201.130907.0&scm_id=1007.19201.130907.0&scm-url=1007.19201.130907.0&pvid=ca64f037-a18c-4a7f-8331-8b6d29349785","1627282800","584"
"91","1627887599","0","US $157.40","US $14.17","135","US $157.40","US $157.40","1","4.8","//www.aliexpress.com/item/4000994532449.html?pdp_ext_f=%7B%22sku_id%22:%2210000013254146110%22,%22ship_from%22:%22%22%7D&gps-id=5547572&scm=1007.19201.130907.0&scm_id=1007.19201.130907.0&scm-url=1007.19201.130907.0&pvid=ca64f037-a18c-4a7f-8331-8b6d29349785","4000994532449","//ae01.alicdn.com/kf/H0bbd619b01b947d8bcc1edc9bb61c6d15.jpg_350x350.jpg","0.0","Shengke Brand Luxury Bracelet Women Watch Rosegold Wristwatch Gift for Women Original Design Watch Reloj Mujer","1910318463","229557341","//www.aliexpress.com/store/2794135?t_activity=1&t_cache=1&gps-id=5547572&scm=1007.19201.130907.0&scm_id=1007.19201.130907.0&scm-url=1007.19201.130907.0&pvid=ca64f037-a18c-4a7f-8331-8b6d29349785","1627282800","135"
"91","1627887599","0","US $175.90","US $15.83","113","US $175.90","US $175.90","1","4.7","//www.aliexpress.com/item/4000930252634.html?pdp_ext_f=%7B%22sku_id%22:%2210000011273411751%22,%22ship_from%22:%22%22%7D&gps-id=5547572&scm=1007.19201.130907.0&scm_id=1007.19201.130907.0&scm-url=1007.19201.130907.0&pvid=ca64f037-a18c-4a7f-8331-8b6d29349785","4000930252634","//ae01.alicdn.com/kf/H4131fe44458545159cf74f1fa4283eb7U.jpg_350x350.jpg","0.0","SKMEI LED Display Men Digital Wrist Watches 2020 Top Brand Luxury Stainless Steel Waterproof Male Clock Relogio Masculino 1505","1910318460","227324694","//www.aliexpress.com/store/2219031?t_activity=1&t_cache=1&gps-id=5547572&scm=1007.19201.130907.0&scm_id=1007.19201.130907.0&scm-url=1007.19201.130907.0&pvid=ca64f037-a18c-4a7f-8331-8b6d29349785","1627282800","113"
"91","1627887599","0","US $147.82","US $13.30","30","US $147.82","US $147.82","1","4.6","//www.aliexpress.com/item/1005002802741379.html?pdp_ext_f=%7B%22sku_id%22:%2212000022259621048%22,%22ship_from%22:%22ES%22%7D&gps-id=5547572&scm=1007.19201.130907.0&scm_id=1007.19201.130907.0&scm-url=1007.19201.130907.0&pvid=ca64f037-a18c-4a7f-8331-8b6d29349785","1005002802741379","//ae01.alicdn.com/kf/H555b33233eb54b589fba549e8b7d5018M.jpg_350x350.jpg","0.0","3000lm Led Portable Spotlight Super Bright Led Work Light Rechargeable for Outdoor Camping Light Led Flashlight by 18650","1910318460","230130274","//www.aliexpress.com/store/2891017?t_activity=1&t_cache=1&gps-id=5547572&scm=1007.19201.130907.0&scm_id=1007.19201.130907.0&scm-url=1007.19201.130907.0&pvid=ca64f037-a18c-4a7f-8331-8b6d29349785","1627282800","30"
"90","1627887599","0","US $88.00","US $8.80","1442","US $88.00","US $88.00","1","4.7","//www.aliexpress.com/item/32816804695.html?pdp_ext_f=%7B%22sku_id%22:%2264716578616%22,%22ship_from%22:%22%22%7D&gps-id=5547572&scm=1007.19201.130907.0&scm_id=1007.19201.130907.0&scm-url=1007.19201.130907.0&pvid=ca64f037-a18c-4a7f-8331-8b6d29349785","32816804695","//ae01.alicdn.com/kf/HTB10_MIRFXXXXaeaFXXq6xXFXXXH.jpg_350x350.jpg","0.0","500-9000 series Distant Wheel Metal Spinning Fishing Reel 5.5:1 12 Bearing Balls Fishing Wheel Rotate the spool Fishing coil","1910318460","223277139","//www.aliexpress.com/store/2058040?t_activity=1&t_cache=1&gps-id=5547572&scm=1007.19201.130907.0&scm_id=1007.19201.130907.0&scm-url=1007.19201.130907.0&pvid=ca64f037-a18c-4a7f-8331-8b6d29349785","1627282800","1442"
"92","1627887599","0","US $232.70","US $18.62","352","US $232.70","US $232.70","1","4.8","//www.aliexpress.com/item/4000262527154.html?pdp_ext_f=%7B%22sku_id%22:%2210000001062852697%22,%22ship_from%22:%22%22%7D&gps-id=5547572&scm=1007.19201.130907.0&scm_id=1007.19201.130907.0&scm-url=1007.19201.130907.0&pvid=600c839d-2f19-47fd-94fc-b2e1446d67d7","4000262527154","//ae01.alicdn.com/kf/H5b93c77a16cd4492ad5492008c4a8ff7m.jpg_350x350.jpg","0.0","SKMEI Luxury Men Quartz Digital Watch Creative Sport Watches Male Waterproof Wristwatch Montre homme Clock Relogio Masculino","1910318460","227324694","//www.aliexpress.com/store/2219031?t_activity=1&t_cache=1&gps-id=5547572&scm=1007.19201.130907.0&scm_id=1007.19201.130907.0&scm-url=1007.19201.130907.0&pvid=600c839d-2f19-47fd-94fc-b2e1446d67d7","1627282800","352"
"92","1627887599","0","US $289.90","US $23.19","422","US $289.90","US $289.90","1","4.8","//www.aliexpress.com/item/1005002095896127.html?pdp_ext_f=%7B%22sku_id%22:%2212000018726651454%22,%22ship_from%22:%22RU%22%7D&gps-id=5547572&scm=1007.19201.130907.0&scm_id=1007.19201.130907.0&scm-url=1007.19201.130907.0&pvid=600c839d-2f19-47fd-94fc-b2e1446d67d7","1005002095896127","//ae01.alicdn.com/kf/H56731d7593ac4e90821e41dbdc3951a8V.jpg_350x350.jpg","0.0","2021 New LIGE Mens Watches Fashion Business Waterproof Quartz Wrist Watch Men Top Brand Luxury Stainless Steel Sport Clock Male","1910318460","237867512","//www.aliexpress.com/store/5401092?t_activity=1&t_cache=1&gps-id=5547572&scm=1007.19201.130907.0&scm_id=1007.19201.130907.0&scm-url=1007.19201.130907.0&pvid=600c839d-2f19-47fd-94fc-b2e1446d67d7","1627282800","422"
"91","1627887599","0","US $199.90","US $17.99","76","US $199.90","US $199.90","1","4.7","//www.aliexpress.com/item/4000956012035.html?pdp_ext_f=%7B%22sku_id%22:%2210000012535715942%22,%22ship_from%22:%22%22%7D&gps-id=5547572&scm=1007.19201.130907.0&scm_id=1007.19201.130907.0&scm-url=1007.19201.130907.0&pvid=600c839d-2f19-47fd-94fc-b2e1446d67d7","4000956012035","//ae01.alicdn.com/kf/H9c2983790471421daa222d509b7506d4I.jpg_350x350.jpg","0.0","LIGE Brand SUNKTA New Women Watches Business Quartz Watch Ladies Top Brand Luxury Female WristWatches Girl Clock Relogio Feminin","1910318460","231389210","//www.aliexpress.com/store/3192086?t_activity=1&t_cache=1&gps-id=5547572&scm=1007.19201.130907.0&scm_id=1007.19201.130907.0&scm-url=1007.19201.130907.0&pvid=600c839d-2f19-47fd-94fc-b2e1446d67d7","1627282800","76"
"91","1627887599","0","US $149.90","US $13.49","57","US $149.90","US $149.90","1","4.4","//www.aliexpress.com/item/4001115215867.html?pdp_ext_f=%7B%22sku_id%22:%2210000014500994104%22,%22ship_from%22:%22%22%7D&gps-id=5547572&scm=1007.19201.130907.0&scm_id=1007.19201.130907.0&scm-url=1007.19201.130907.0&pvid=600c839d-2f19-47fd-94fc-b2e1446d67d7","4001115215867","//ae01.alicdn.com/kf/Hc9b499f369134d878adf3991eead0a80m.jpg_350x350.jpg","0.0","LIGE Womens Watches Top Brand Luxury Casual Fashion Watch Women Quartz Waterproof Clock Mesh belt Ladies Wristwatch Ladies Watch","1910318463","234720814","//www.aliexpress.com/store/4986002?t_activity=1&t_cache=1&gps-id=5547572&scm=1007.19201.130907.0&scm_id=1007.19201.130907.0&scm-url=1007.19201.130907.0&pvid=600c839d-2f19-47fd-94fc-b2e1446d67d7","1627282800","57"
"83","1627887599","0","US $164.95","US $28.04","670","US $164.95","US $164.95","1","4.8","//www.aliexpress.com/item/1005001694767463.html?pdp_ext_f=%7B%22sku_id%22:%2212000018324022969%22,%22ship_from%22:%22RU%22%7D&gps-id=5547572&scm=1007.19201.130907.0&scm_id=1007.19201.130907.0&scm-url=1007.19201.130907.0&pvid=600c839d-2f19-47fd-94fc-b2e1446d67d7","1005001694767463","//ae01.alicdn.com/kf/H611d5c749a4f401ea06c309f68decf9d3.jpg_350x350.jpg","0.0","LIGE 2021 Full Circle Touch Screen Steel Band Luxury Bluetooth Call Men smart watch Waterproof Sport Activity Fitness Watch+box","1910318460","240486054","//www.aliexpress.com/store/910932035?t_activity=1&t_cache=1&gps-id=5547572&scm=1007.19201.130907.0&scm_id=1007.19201.130907.0&scm-url=1007.19201.130907.0&pvid=600c839d-2f19-47fd-94fc-b2e1446d67d7","1627282800","670"
"90","1627887599","0","US $155.00","US $15.50","650","US $155.00","US $155.00","1","4.7","//www.aliexpress.com/item/1005001585752633.html?pdp_ext_f=%7B%22sku_id%22:%2212000016692011947%22,%22ship_from%22:%22%22%7D&gps-id=5547572&scm=1007.19201.130907.0&scm_id=1007.19201.130907.0&scm-url=1007.19201.130907.0&pvid=600c839d-2f19-47fd-94fc-b2e1446d67d7","1005001585752633","//ae01.alicdn.com/kf/Hc5b1aabeddff4d83a23bf877d20d0c17Y.jpg_350x350.jpg","0.0","JBL T180A In-Ear Stereo Earphones 3.5mm Wired Sport Gaming Headset Pure Bass Earbuds Handsfree With microphone","1910318463","239600180","//www.aliexpress.com/store/5425269?t_activity=1&t_cache=1&gps-id=5547572&scm=1007.19201.130907.0&scm_id=1007.19201.130907.0&scm-url=1007.19201.130907.0&pvid=600c839d-2f19-47fd-94fc-b2e1446d67d7","1627282800","650"
"55","1627887599","0","US $100.52","US $45.23","472","US $100.52","US $100.52","1","4.9","//www.aliexpress.com/item/4000965758221.html?pdp_ext_f=%7B%22sku_id%22:%2212000021387453319%22,%22ship_from%22:%22CN%22%7D&gps-id=5547572&scm=1007.19201.130907.0&scm_id=1007.19201.130907.0&scm-url=1007.19201.130907.0&pvid=600c839d-2f19-47fd-94fc-b2e1446d67d7","4000965758221","//ae01.alicdn.com/kf/He00c6c2570e246f1979189444f7b7b678.jpg_350x350.jpg","0.0","Loose Deep Wave Lace Front Wig Brazilian Transparent Lace Closure Wig 13x4 Lace Front Wigs For Black Women Remy Wig Pre Plucked","1910318460","202112167","//www.aliexpress.com/store/115803?t_activity=1&t_cache=1&gps-id=5547572&scm=1007.19201.130907.0&scm_id=1007.19201.130907.0&scm-url=1007.19201.130907.0&pvid=600c839d-2f19-47fd-94fc-b2e1446d67d7","1627282800","472"
"90","1627887599","0","US $108.90","US $10.89","103","US $108.90","US $108.90","1","4.8","//www.aliexpress.com/item/4001156058998.html?pdp_ext_f=%7B%22sku_id%22:%2210000014926247083%22,%22ship_from%22:%22CN%22%7D&gps-id=5547572&scm=1007.19201.130907.0&scm_id=1007.19201.130907.0&scm-url=1007.19201.130907.0&pvid=600c839d-2f19-47fd-94fc-b2e1446d67d7","4001156058998","//ae01.alicdn.com/kf/Hb047c7b1e8bb4502bf7df23d708d4f452.jpg_350x350.jpg","0.0","DOOPAI Tactical Army Men's Belt Military Nylon Outdoor Police Heavy Duty Training Hunting Combat Belt For Men 125/135CM/Wide 3.8","1910318460","243383831","//www.aliexpress.com/store/5874477?t_activity=1&t_cache=1&gps-id=5547572&scm=1007.19201.130907.0&scm_id=1007.19201.130907.0&scm-url=1007.19201.130907.0&pvid=600c839d-2f19-47fd-94fc-b2e1446d67d7","1627282800","103"
"66","1627973999","0","US $11.69","US $3.97","7495","US $11.69","US $11.69","1","4.7","//www.aliexpress.com/item/32871471259.html?pdp_ext_f=%7B%22sku_id%22:%2266137204564%22,%22ship_from%22:%22%22%7D&gps-id=5547572&scm=1007.19201.130907.0&scm_id=1007.19201.130907.0&scm-url=1007.19201.130907.0&pvid=600c839d-2f19-47fd-94fc-b2e1446d67d7","32871471259","//ae01.alicdn.com/kf/H6a0058b54e26492fa5fc8d9bc4b1d9efZ.jpg_350x350.jpg","0.0","ROSALIND Poly Nail Gel For Nails Extension Finger nail art Manicure Acryl gel Varnish hybrid 30ML Poly UV Gel Polish Extension","1910115477","230807823","//www.aliexpress.com/store/3091042?t_activity=1&t_cache=1&gps-id=5547572&scm=1007.19201.130907.0&scm_id=1007.19201.130907.0&scm-url=1007.19201.130907.0&pvid=600c839d-2f19-47fd-94fc-b2e1446d67d7","1627542000","7495"
"79","1627714799","0","US $13.30","US $2.79","7202","US $13.30","US $13.30","1","4.8","//www.aliexpress.com/item/1005001913983193.html?pdp_ext_f=%7B%22sku_id%22:%2212000018793703768%22,%22ship_from%22:%22CN%22%7D&gps-id=5547572&scm=1007.19201.130907.0&scm_id=1007.19201.130907.0&scm-url=1007.19201.130907.0&pvid=600c839d-2f19-47fd-94fc-b2e1446d67d7","1005001913983193","//ae01.alicdn.com/kf/H525defa90b864f8ca75f32ba50d20a5fs.jpg_350x350.jpg","0.0","3PCS/Set Sexy Panties Women G-String Thong Lace Underwear Pantys Low-Waist Female Underpants Mesh Perspective Briefs Lingerie","1910293248","241860361","//www.aliexpress.com/store/5788753?t_activity=1&t_cache=1&gps-id=5547572&scm=1007.19201.130907.0&scm_id=1007.19201.130907.0&scm-url=1007.19201.130907.0&pvid=600c839d-2f19-47fd-94fc-b2e1446d67d7","1627542000","7202"
"80","1627628399","0","US $124.70","US $24.94","1319","US $124.70","US $124.70","1","4.7","//www.aliexpress.com/item/1005002301733274.html?pdp_ext_f=%7B%22sku_id%22:%2212000021170155538%22,%22ship_from%22:%22RU%22%7D&gps-id=5547572&scm=1007.19201.130907.0&scm_id=1007.19201.130907.0&scm-url=1007.19201.130907.0&pvid=600c839d-2f19-47fd-94fc-b2e1446d67d7","1005002301733274","//ae01.alicdn.com/kf/H9310ed9ca3f545d3bb7158db48d7b45e4.jpg_350x350.jpg","0.0","iKeRiShair Massage Gun Deep Tissue Percussion Muscle Massager For Pain Relief Fascia Gun Electric Body Massager","1910288455","250709504","//www.aliexpress.com/store/911562542?t_activity=1&t_cache=1&gps-id=5547572&scm=1007.19201.130907.0&scm_id=1007.19201.130907.0&scm-url=1007.19201.130907.0&pvid=600c839d-2f19-47fd-94fc-b2e1446d67d7","1627455600","1319"
"53","1627628399","0","US $132.00","US $62.04","418","US $132.00","US $132.00","1","4.8","//www.aliexpress.com/item/1005002203122873.html?pdp_ext_f=%7B%22sku_id%22:%2212000020631901293%22,%22ship_from%22:%22CN%22%7D&gps-id=5547572&scm=1007.19201.130907.0&scm_id=1007.19201.130907.0&scm-url=1007.19201.130907.0&pvid=600c839d-2f19-47fd-94fc-b2e1446d67d7","1005002203122873","//ae01.alicdn.com/kf/H30730c5c9c474ce99d694314947b055cb.jpg_350x350.jpg","0.0","Orange Colored Honey Blonde Short BOB Lace Part Human Hair Wigs For Women Pre Plucked Brazilian Remy Highlight Lace Wigs 180%","1910288455","231683730","//www.aliexpress.com/store/3661082?t_activity=1&t_cache=1&gps-id=5547572&scm=1007.19201.130907.0&scm_id=1007.19201.130907.0&scm-url=1007.19201.130907.0&pvid=600c839d-2f19-47fd-94fc-b2e1446d67d7","1627455600","418"
"91","1627714799","0","US $189.90","US $17.09","454","US $189.90","US $189.90","1","4.8","//www.aliexpress.com/item/1005002679646657.html?pdp_ext_f=%7B%22sku_id%22:%2212000023039114613%22,%22ship_from%22:%22CN%22%7D&gps-id=5547572&scm=1007.19201.130907.0&scm_id=1007.19201.130907.0&scm-url=1007.19201.130907.0&pvid=7e6ab0f8-2975-41ab-a158-6f934fa16725","1005002679646657","//ae01.alicdn.com/kf/He434afdf9bd143489b318ca84b944f9af.jpg_350x350.jpg","0.0","LIGE Digital Men Military Watch 50m Waterproof Wristwatch LED Quartz Clock Sport Watch Male Big Watches Men Relogios Masculino","1910293248","231389210","//www.aliexpress.com/store/3192086?t_activity=1&t_cache=1&gps-id=5547572&scm=1007.19201.130907.0&scm_id=1007.19201.130907.0&scm-url=1007.19201.130907.0&pvid=7e6ab0f8-2975-41ab-a158-6f934fa16725","1627542000","454"
"92","1627887599","0","US $239.90","US $19.19","239","US $239.90","US $239.90","1","4.8","//www.aliexpress.com/item/1005001584711979.html?pdp_ext_f=%7B%22sku_id%22:%2212000016690144101%22,%22ship_from%22:%22%22%7D&gps-id=5547572&scm=1007.19201.130907.0&scm_id=1007.19201.130907.0&scm-url=1007.19201.130907.0&pvid=7e6ab0f8-2975-41ab-a158-6f934fa16725","1005001584711979","//ae01.alicdn.com/kf/H4027343e9c094fb49aa57e2869dc70ffs.jpg_350x350.jpg","0.0","2021 CRRJU Quartz Date watch for men Luxury Brand Black Fashion Sports men's watches Waterproof Chronograph Male Clock relogio","1910318460","233065560","//www.aliexpress.com/store/4217002?t_activity=1&t_cache=1&gps-id=5547572&scm=1007.19201.130907.0&scm_id=1007.19201.130907.0&scm-url=1007.19201.130907.0&pvid=7e6ab0f8-2975-41ab-a158-6f934fa16725","1627282800","239"
"88","1627973999","0","US $39.80","US $4.78","79","US $39.80","US $39.80","1","5.0","//www.aliexpress.com/item/4001104149055.html?pdp_ext_f=%7B%22sku_id%22:%2210000014407086221%22,%22ship_from%22:%22%22%7D&gps-id=5547572&scm=1007.19201.130907.0&scm_id=1007.19201.130907.0&scm-url=1007.19201.130907.0&pvid=7e6ab0f8-2975-41ab-a158-6f934fa16725","4001104149055","//ae01.alicdn.com/kf/H95ae8851eac64efd93a4d0b295b2859bg.jpg_350x350.jpg","0.0","NAGARAKU Laser Beehive Eyelash Extension Longer Lasting Individual Eyelash Makeup Maquiagem Super High Quality Synthetic Mink","1910115477","202841098","//www.aliexpress.com/store/723781?t_activity=1&t_cache=1&gps-id=5547572&scm=1007.19201.130907.0&scm_id=1007.19201.130907.0&scm-url=1007.19201.130907.0&pvid=7e6ab0f8-2975-41ab-a158-6f934fa16725","1627542000","79"
"72","1627887599","0","US $16.30","US $4.56","3436","US $16.30","US $16.30","1","4.8","//www.aliexpress.com/item/4000736448479.html?pdp_ext_f=%7B%22sku_id%22:%2210000006687185359%22,%22ship_from%22:%22CN%22%7D&gps-id=5547572&scm=1007.19201.130907.0&scm_id=1007.19201.130907.0&scm-url=1007.19201.130907.0&pvid=7e6ab0f8-2975-41ab-a158-6f934fa16725","4000736448479","//ae01.alicdn.com/kf/H6308969c09ef490288a540282b99258eS.jpg_350x350.jpg","0.0","2 PCS Comfort Cotton Bra For Women French Style Bralette Deep V Triangle Cup Bralet Underwear Wireless Lingerie Push Up Bras","1910318463","239585342","//www.aliexpress.com/store/5435071?t_activity=1&t_cache=1&gps-id=5547572&scm=1007.19201.130907.0&scm_id=1007.19201.130907.0&scm-url=1007.19201.130907.0&pvid=7e6ab0f8-2975-41ab-a158-6f934fa16725","1627282800","3436"
"76","1627628399","0","US $13.30","US $3.19","19507","US $13.30","US $13.30","1","4.8","//www.aliexpress.com/item/4001245708882.html?pdp_ext_f=%7B%22sku_id%22:%2212000015699799000%22,%22ship_from%22:%22CN%22%7D&gps-id=5547572&scm=1007.19201.130907.0&scm_id=1007.19201.130907.0&scm-url=1007.19201.130907.0&pvid=7e6ab0f8-2975-41ab-a158-6f934fa16725","4001245708882","//ae01.alicdn.com/kf/H0021e884db424f1cbd90c91c375eaf0dK.jpg_350x350.jpg","0.0","3PCS/Set Women's Panties G-string Thong Cotton Underwear Sexy Panties Female Underpants 6 Solid Color Pantys Intimates Lingerie","1910288455","241860361","//www.aliexpress.com/store/5788753?t_activity=1&t_cache=1&gps-id=5547572&scm=1007.19201.130907.0&scm_id=1007.19201.130907.0&scm-url=1007.19201.130907.0&pvid=7e6ab0f8-2975-41ab-a158-6f934fa16725","1627455600","19507"
"95","1627887599","0","US $19.96","US $0.99","282","US $19.96","US $19.96","1","4.9","//www.aliexpress.com/item/4001365520133.html?pdp_ext_f=%7B%22sku_id%22:%2212000022635915016%22,%22ship_from%22:%22CN%22%7D&gps-id=5547572&scm=1007.19201.130907.0&scm_id=1007.19201.130907.0&scm-url=1007.19201.130907.0&pvid=7e6ab0f8-2975-41ab-a158-6f934fa16725","4001365520133","//ae01.alicdn.com/kf/Hfde3376fece64fd98995fc6efe4680348.jpg_350x350.jpg","0.0","2021 New Outdoor multi-function belt buckle hiking backpack nylon hanging buckle men's tactical belt accessories new keychain","1910318463","238075576","//www.aliexpress.com/store/5884458?t_activity=1&t_cache=1&gps-id=5547572&scm=1007.19201.130907.0&scm_id=1007.19201.130907.0&scm-url=1007.19201.130907.0&pvid=7e6ab0f8-2975-41ab-a158-6f934fa16725","1627282800","282"
"86","1627887599","0","US $159.99","US $22.40","308","US $159.99","US $159.99","1","4.6","//www.aliexpress.com/item/1005001645975338.html?pdp_ext_f=%7B%22sku_id%22:%2212000016989703658%22,%22ship_from%22:%22RU%22%7D&gps-id=5547572&scm=1007.19201.130907.0&scm_id=1007.19201.130907.0&scm-url=1007.19201.130907.0&pvid=7e6ab0f8-2975-41ab-a158-6f934fa16725","1005001645975338","//ae01.alicdn.com/kf/H31598ba3aff84e299a35aade3db8cd7da.jpg_350x350.jpg","0.0","Electric Blanket Double 220V  Warm Bed Heater Thermostat Electric Mattress Soft Heating Blanket Warmer Heater Carpet Security","1910318460","239281245","//www.aliexpress.com/store/5316005?t_activity=1&t_cache=1&gps-id=5547572&scm=1007.19201.130907.0&scm_id=1007.19201.130907.0&scm-url=1007.19201.130907.0&pvid=7e6ab0f8-2975-41ab-a158-6f934fa16725","1627282800","308"
"86","1627887599","0","US $30.55","US $4.28","46","US $30.55","US $30.55","1","4.8","//www.aliexpress.com/item/32757169784.html?pdp_ext_f=%7B%22sku_id%22:%2212000022833315651%22,%22ship_from%22:%22%22%7D&gps-id=5547572&scm=1007.19201.130907.0&scm_id=1007.19201.130907.0&scm-url=1007.19201.130907.0&pvid=7e6ab0f8-2975-41ab-a158-6f934fa16725","32757169784","//ae01.alicdn.com/kf/Hfa91411d93a04d0b98e0e0aa6364f1e7S.jpg_350x350.jpg","0.0","Rose Flower Coffee Mixing Spoon Dessert Scoop Afternoon Tea Pastry Spoon Rainbow Ice-cream Snack Cutlery Kit Christmas 8pcs/pack","1910318463","223350825","//www.aliexpress.com/store/1921332?t_activity=1&t_cache=1&gps-id=5547572&scm=1007.19201.130907.0&scm_id=1007.19201.130907.0&scm-url=1007.19201.130907.0&pvid=7e6ab0f8-2975-41ab-a158-6f934fa16725","1627282800","46"
"64","1627714799","0","US $26.79","US $9.64","15027","US $26.79","US $26.79","1","4.8","//www.aliexpress.com/item/32793775351.html?pdp_ext_f=%7B%22sku_id%22:%2212000016479708897%22,%22ship_from%22:%22PL%22%7D&gps-id=5547572&scm=1007.19201.130907.0&scm_id=1007.19201.130907.0&scm-url=1007.19201.130907.0&pvid=7e6ab0f8-2975-41ab-a158-6f934fa16725","32793775351","//ae01.alicdn.com/kf/Ha91f0cd6bbe24280a7147cf0a2773f2dK.jpg_350x350.jpg","0.0","KINGSEVEN Men Vintage Aluminum Polarized Sunglasses Classic Brand Sun glasses Coating Lens Driving Eyewear For Men/Women","1910293248","230094000","//www.aliexpress.com/store/2847021?t_activity=1&t_cache=1&gps-id=5547572&scm=1007.19201.130907.0&scm_id=1007.19201.130907.0&scm-url=1007.19201.130907.0&pvid=7e6ab0f8-2975-41ab-a158-6f934fa16725","1627542000","15027"
"53","1627887599","0","US $146.00","US $68.62","1689","US $146.00","US $146.00","1","4.7","//www.aliexpress.com/item/1005001469604684.html?pdp_ext_f=%7B%22sku_id%22:%2212000022637592679%22,%22ship_from%22:%22US%22%7D&gps-id=5547572&scm=1007.19201.130907.0&scm_id=1007.19201.130907.0&scm-url=1007.19201.130907.0&pvid=7e6ab0f8-2975-41ab-a158-6f934fa16725","1005001469604684","//ae01.alicdn.com/kf/Hf7426c46b16e41bf9a66b9c5cbf5c11cK.jpg_350x350.jpg","0.0","Highlight Wig Human Hair Straight Bob Wig Lace Front Human Hair Wigs for Women Colored Human Hair Wigs With Natural Hairline","1910322341","200985218","//www.aliexpress.com/store/109350?t_activity=1&t_cache=1&gps-id=5547572&scm=1007.19201.130907.0&scm_id=1007.19201.130907.0&scm-url=1007.19201.130907.0&pvid=7e6ab0f8-2975-41ab-a158-6f934fa16725","1627282800","1689"
"84","1627628399","0","US $85.99","US $13.76","3036","US $85.99","US $85.99","1","4.7","//www.aliexpress.com/item/4000631726597.html?pdp_ext_f=%7B%22sku_id%22:%2210000007741964833%22,%22ship_from%22:%22RU%22%7D&gps-id=5547572&scm=1007.19201.130907.0&scm_id=1007.19201.130907.0&scm-url=1007.19201.130907.0&pvid=7e6ab0f8-2975-41ab-a158-6f934fa16725","4000631726597","//ae01.alicdn.com/kf/H48255096b049415b94cad091dfb91f5bC.jpg_350x350.jpg","0.0","Bluedio Particle, Wireless Earphone, BT5.0, Bass, Waterproof Earbuds, Wireless Headset, Sport, Mic, Bluetooth-compatible","1910288455","221343669","//www.aliexpress.com/store/1405349?t_activity=1&t_cache=1&gps-id=5547572&scm=1007.19201.130907.0&scm_id=1007.19201.130907.0&scm-url=1007.19201.130907.0&pvid=7e6ab0f8-2975-41ab-a158-6f934fa16725","1627455600","3036"
"84","1627887599","0","US $77.98","US $12.48","2807","US $77.98","US $77.98","1","4.8","//www.aliexpress.com/item/4000394287497.html?pdp_ext_f=%7B%22sku_id%22:%2210000013524465294%22,%22ship_from%22:%22RU%22%7D&gps-id=5547572&scm=1007.19201.130907.0&scm_id=1007.19201.130907.0&scm-url=1007.19201.130907.0&pvid=7e6ab0f8-2975-41ab-a158-6f934fa16725","4000394287497","//ae01.alicdn.com/kf/H96b36d6790134eab9bf6a6f1d0c6e9f1F.jpg_350x350.jpg","0.0","Portable Folding Pet Tent Dog House Octagonal Cage For Cat Tent Playpen Puppy Kennel Easy Operation Fence Outdoor Big Dogs House","1910329419","239484857","//www.aliexpress.com/store/5376171?t_activity=1&t_cache=1&gps-id=5547572&scm=1007.19201.130907.0&scm_id=1007.19201.130907.0&scm-url=1007.19201.130907.0&pvid=7e6ab0f8-2975-41ab-a158-6f934fa16725","1627282800","2807"
"92","1627887599","0","US $209.90","US $16.79","172","US $209.90","US $209.90","1","4.9","//www.aliexpress.com/item/4001104281234.html?pdp_ext_f=%7B%22sku_id%22:%2210000014406665859%22,%22ship_from%22:%22%22%7D&gps-id=5547572&scm=1007.19201.130907.0&scm_id=1007.19201.130907.0&scm-url=1007.19201.130907.0&pvid=471eb02a-664d-4ced-ac6b-0d8689c74557","4001104281234","//ae01.alicdn.com/kf/H6fafc71395cc4976b9a360ae7503da89a.jpg_350x350.jpg","0.0","CHEETAH New Men‚Äôs Watches Top Luxury Brand Sport Quartz Watch Men Chronograph Waterproof Wristwatch Leather Date reloj hombre","1910318460","201652940","//www.aliexpress.com/store/324105?t_activity=1&t_cache=1&gps-id=5547572&scm=1007.19201.130907.0&scm_id=1007.19201.130907.0&scm-url=1007.19201.130907.0&pvid=471eb02a-664d-4ced-ac6b-0d8689c74557","1627282800","172"
"92","1627628399","0","US $219.90","US $17.59","48","US $219.90","US $219.90","1","4.9","//www.aliexpress.com/item/1005002776577286.html?pdp_ext_f=%7B%22sku_id%22:%2212000022167855936%22,%22ship_from%22:%22ES%22%7D&gps-id=5547572&scm=1007.19201.130907.0&scm_id=1007.19201.130907.0&scm-url=1007.19201.130907.0&pvid=471eb02a-664d-4ced-ac6b-0d8689c74557","1005002776577286","//ae01.alicdn.com/kf/Ha8413b6fc0cf455ba1f0372bd38d0abbF.jpg_350x350.jpg","0.0","LIGE Casual Sport Watches for Men Retro Top Brand Luxury Military Leather Wrist Watch Man Clock Fashion Chronograph Wristwatch","1910288455","231389210","//www.aliexpress.com/store/3192086?t_activity=1&t_cache=1&gps-id=5547572&scm=1007.19201.130907.0&scm_id=1007.19201.130907.0&scm-url=1007.19201.130907.0&pvid=471eb02a-664d-4ced-ac6b-0d8689c74557","1627455600","48"
"85","1627887599","0","US $99.00","US $14.85","57","US $99.00","US $99.00","1","4.9","//www.aliexpress.com/item/32606354921.html?pdp_ext_f=%7B%22sku_id%22:%2259225266268%22,%22ship_from%22:%22%22%7D&gps-id=5547572&scm=1007.19201.130907.0&scm_id=1007.19201.130907.0&scm-url=1007.19201.130907.0&pvid=471eb02a-664d-4ced-ac6b-0d8689c74557","32606354921","//ae01.alicdn.com/kf/HTB1DSvBNXXXXXcCXpXXq6xXFXXXg.jpg_350x350.jpg","0.0","Fashion Full-Rim Eyeglasses Frame Brand Designer Business Men Frame Hydronalium Glasses With Spring Hinge On Legs GF521","1910318460","224421574","//www.aliexpress.com/store/1823558?t_activity=1&t_cache=1&gps-id=5547572&scm=1007.19201.130907.0&scm_id=1007.19201.130907.0&scm-url=1007.19201.130907.0&pvid=471eb02a-664d-4ced-ac6b-0d8689c74557","1627282800","57"
"99","1627628399","0","US $2.98","US $0.01","9104","US $2.98","US $2.98","1","4.8","//www.aliexpress.com/item/1005002628412252.html?pdp_ext_f=%7B%22sku_id%22:%2212000021469253839%22,%22ship_from%22:%22%22%7D&gps-id=5547572&scm=1007.19201.130907.0&scm_id=1007.19201.130907.0&scm-url=1007.19201.130907.0&pvid=471eb02a-664d-4ced-ac6b-0d8689c74557","1005002628412252","//ae01.alicdn.com/kf/Hf3b95df453a54ef29f1aa89ef697c21aS.jpg_350x350.jpg","0.0","17KM Vintage Geometric Gold Metal Earrings Set For Women Punk Pearl Dangle Drop Earrings 2021 Trend Set of Earrings Jewelry","1910288455","122820548","//www.aliexpress.com/store/908304?t_activity=1&t_cache=1&gps-id=5547572&scm=1007.19201.130907.0&scm_id=1007.19201.130907.0&scm-url=1007.19201.130907.0&pvid=471eb02a-664d-4ced-ac6b-0d8689c74557","1627455600","9104"
"82","1627628399","0","US $119.95","US $21.59","805","US $119.95","US $119.95","1","4.8","//www.aliexpress.com/item/1005002796031777.html?pdp_ext_f=%7B%22sku_id%22:%2212000022225392948%22,%22ship_from%22:%22CN%22%7D&gps-id=5547572&scm=1007.19201.130907.0&scm_id=1007.19201.130907.0&scm-url=1007.19201.130907.0&pvid=471eb02a-664d-4ced-ac6b-0d8689c74557","1005002796031777","//ae01.alicdn.com/kf/Hb7f03d89a11f426884283ec5288ad2d90.jpg_350x350.jpg","0.0","LIGE New Women Smart watch Men 1.69"" Color Screen Full touch Fitness Tracker Bluetooth Call Smart Clock Ladies Smart Watch Women","1910288455","240107904","//www.aliexpress.com/store/5589012?t_activity=1&t_cache=1&gps-id=5547572&scm=1007.19201.130907.0&scm_id=1007.19201.130907.0&scm-url=1007.19201.130907.0&pvid=471eb02a-664d-4ced-ac6b-0d8689c74557","1627455600","805"
"82","1627628399","0","US $79.95","US $14.39","360","US $79.95","US $79.95","1","4.8","//www.aliexpress.com/item/1005002662806257.html?pdp_ext_f=%7B%22sku_id%22:%2212000021654418444%22,%22ship_from%22:%22RU%22%7D&gps-id=5547572&scm=1007.19201.130907.0&scm_id=1007.19201.130907.0&scm-url=1007.19201.130907.0&pvid=471eb02a-664d-4ced-ac6b-0d8689c74557","1005002662806257","//ae01.alicdn.com/kf/H624fee887bfc443db61ad20ee1259252g.jpg_350x350.jpg","0.0","2021 LIGE Brand SUNKTA Women Watches Fashion Square Ladies Quartz Watch Bracelet Set Dial Simple Rose Gold Luxury Women Watches","1910288455","231389210","//www.aliexpress.com/store/3192086?t_activity=1&t_cache=1&gps-id=5547572&scm=1007.19201.130907.0&scm_id=1007.19201.130907.0&scm-url=1007.19201.130907.0&pvid=471eb02a-664d-4ced-ac6b-0d8689c74557","1627455600","360"
"82","1627887599","0","US $94.95","US $17.09","135","US $94.95","US $94.95","1","4.8","//www.aliexpress.com/item/1005002747956111.html?pdp_ext_f=%7B%22sku_id%22:%2212000022126154718%22,%22ship_from%22:%22%22%7D&gps-id=5547572&scm=1007.19201.130907.0&scm_id=1007.19201.130907.0&scm-url=1007.19201.130907.0&pvid=471eb02a-664d-4ced-ac6b-0d8689c74557","1005002747956111","//ae01.alicdn.com/kf/H4549f27fd7e140678b02ce038f92446b4.jpg_350x350.jpg","0.0","SUNKTA New Rose Gold Wine Red Luxury Quartz Women  Watch Waterproof Leather Watches Ladies Watches Clock Relogio Feminino+Box","1910318463","221595207","//www.aliexpress.com/store/1488658?t_activity=1&t_cache=1&gps-id=5547572&scm=1007.19201.130907.0&scm_id=1007.19201.130907.0&scm-url=1007.19201.130907.0&pvid=471eb02a-664d-4ced-ac6b-0d8689c74557","1627282800","135"
"82","1627628399","0","US $249.95","US $44.99","120","US $249.95","US $249.95","1","4.9","//www.aliexpress.com/item/1005002842083205.html?pdp_ext_f=%7B%22sku_id%22:%2212000022422974463%22,%22ship_from%22:%22CN%22%7D&gps-id=5547572&scm=1007.19201.130907.0&scm_id=1007.19201.130907.0&scm-url=1007.19201.130907.0&pvid=471eb02a-664d-4ced-ac6b-0d8689c74557","1005002842083205","//ae01.alicdn.com/kf/H00adeec0cead4b8ea933b0c7764d4988y.jpg_350x350.jpg","0.0","2021 ECG+PPG Smart watch men heart rate monitor blood pressure smartwatch Sleep Fitness Tracker Dial call Smartwatch for Xiaomi","1910288455","251804640","//www.aliexpress.com/store/911883170?t_activity=1&t_cache=1&gps-id=5547572&scm=1007.19201.130907.0&scm_id=1007.19201.130907.0&scm-url=1007.19201.130907.0&pvid=471eb02a-664d-4ced-ac6b-0d8689c74557","1627455600","120"
"82","1627714799","0","US $16.45","US $2.96","7640","US $16.45","US $16.45","1","4.9","//www.aliexpress.com/item/4000975689986.html?pdp_ext_f=%7B%22sku_id%22:%2212000021105451135%22,%22ship_from%22:%22%22%7D&gps-id=5547572&scm=1007.19201.130907.0&scm_id=1007.19201.130907.0&scm-url=1007.19201.130907.0&pvid=471eb02a-664d-4ced-ac6b-0d8689c74557","4000975689986","//ae01.alicdn.com/kf/He5e9823b829a4804b9ec35255fe44f57S.jpg_350x350.jpg","0.0","TERMEZY Women Sexy Lace Lingerie Temptation Low-waist Panties Fruit Ins Embroidery Transparent Briefs Seamless Sweet Underwear","1910293248","206091296","//www.aliexpress.com/store/432903?t_activity=1&t_cache=1&gps-id=5547572&scm=1007.19201.130907.0&scm_id=1007.19201.130907.0&scm-url=1007.19201.130907.0&pvid=471eb02a-664d-4ced-ac6b-0d8689c74557","1627542000","7640"
"84","1627887599","0","US $120.39","US $19.26","178","US $120.39","US $120.39","1","4.8","//www.aliexpress.com/item/4000934629141.html?pdp_ext_f=%7B%22sku_id%22:%2212000020585677088%22,%22ship_from%22:%22CN%22%7D&gps-id=5547572&scm=1007.19201.130907.0&scm_id=1007.19201.130907.0&scm-url=1007.19201.130907.0&pvid=471eb02a-664d-4ced-ac6b-0d8689c74557","4000934629141","//ae01.alicdn.com/kf/H5c3f1f6bb57b4356af024d0661e18dd1U.jpg_350x350.jpg","0.0","Portable Foldable Dog Cage Pet Tent Houses Playpen Puppy Kennel Cat House Octagon Fence Outdoor For Small Large Dogs Cats Crate","1910329419","239484857","//www.aliexpress.com/store/5376171?t_activity=1&t_cache=1&gps-id=5547572&scm=1007.19201.130907.0&scm_id=1007.19201.130907.0&scm-url=1007.19201.130907.0&pvid=471eb02a-664d-4ced-ac6b-0d8689c74557","1627282800","178"
"84","1627887599","0","US $51.00","US $8.16","27","US $51.00","US $51.00","1","5.0","//www.aliexpress.com/item/1005002858494206.html?pdp_ext_f=%7B%22sku_id%22:%2212000022488556652%22,%22ship_from%22:%22CN%22%7D&gps-id=5547572&scm=1007.19201.130907.0&scm_id=1007.19201.130907.0&scm-url=1007.19201.130907.0&pvid=471eb02a-664d-4ced-ac6b-0d8689c74557","1005002858494206","//ae01.alicdn.com/kf/Hc89ac368c3674901915e205c934955740.jpg_350x350.jpg","0.0","RC Car Kids Toys Transformation Robots Sports Vehicle Model  Robots Toys Cool Deformation Car Kids Toys  Gifts For Boys","1910318463","252499185","//www.aliexpress.com/store/912168173?t_activity=1&t_cache=1&gps-id=5547572&scm=1007.19201.130907.0&scm_id=1007.19201.130907.0&scm-url=1007.19201.130907.0&pvid=471eb02a-664d-4ced-ac6b-0d8689c74557","1627282800","27"
"68","1627887599","0","US $10.54","US $3.37","15745","US $10.54","US $10.54","1","4.8","//www.aliexpress.com/item/1005001351494229.html?pdp_ext_f=%7B%22sku_id%22:%2212000015786614619%22,%22ship_from%22:%22CN%22%7D&gps-id=5547572&scm=1007.19201.130907.0&scm_id=1007.19201.130907.0&scm-url=1007.19201.130907.0&pvid=471eb02a-664d-4ced-ac6b-0d8689c74557","1005001351494229","//ae01.alicdn.com/kf/H4518a7e0973849a8a64a1ee163298956C.jpg_350x350.jpg","0.0","2PCS/Set Sexy Women's G-string Panties Seamless Panties Perspective Underwear See-Through Underpants Girls Intimates Lingerie","1910318460","241860361","//www.aliexpress.com/store/5788753?t_activity=1&t_cache=1&gps-id=5547572&scm=1007.19201.130907.0&scm_id=1007.19201.130907.0&scm-url=1007.19201.130907.0&pvid=471eb02a-664d-4ced-ac6b-0d8689c74557","1627282800","15745"
"91","1627887599","0","US $209.90","US $18.89","629","US $209.90","US $209.90","1","4.8","//www.aliexpress.com/item/33011019044.html?pdp_ext_f=%7B%22sku_id%22:%2267144188960%22,%22ship_from%22:%22%22%7D&gps-id=5547572&scm=1007.19201.130907.0&scm_id=1007.19201.130907.0&scm-url=1007.19201.130907.0&pvid=4fabbacd-3ae6-4341-853f-b09d14a73847","33011019044","//ae01.alicdn.com/kf/H575f6cff0a7a42a9a7011a884a16e4b24.jpg_350x350.jpg","0.0","LIGE New Fashion Mens Watches Top Brand Luxury Quartz Watch Men Mesh Steel  Waterproof Ultra-thin Wristwatch For Men Sport Clock","1910318463","234631229","//www.aliexpress.com/store/4516088?t_activity=1&t_cache=1&gps-id=5547572&scm=1007.19201.130907.0&scm_id=1007.19201.130907.0&scm-url=1007.19201.130907.0&pvid=4fabbacd-3ae6-4341-853f-b09d14a73847","1627282800","629"
"91","1627887599","0","US $189.90","US $17.09","602","US $189.90","US $189.90","1","4.9","//www.aliexpress.com/item/4000844374994.html?pdp_ext_f=%7B%22sku_id%22:%2210000009129406717%22,%22ship_from%22:%22%22%7D&gps-id=5547572&scm=1007.19201.130907.0&scm_id=1007.19201.130907.0&scm-url=1007.19201.130907.0&pvid=4fabbacd-3ae6-4341-853f-b09d14a73847","4000844374994","//ae01.alicdn.com/kf/Heccb806fe2ed4d2298398a36fd447b41G.jpg_350x350.jpg","0.0","2021 LIGE New Fashion Mens Watches Top Brand Luxury Military Quartz Watch Premium Leather Waterproof Sport Chronograph Watch Men","1910318463","234631229","//www.aliexpress.com/store/4516088?t_activity=1&t_cache=1&gps-id=5547572&scm=1007.19201.130907.0&scm_id=1007.19201.130907.0&scm-url=1007.19201.130907.0&pvid=4fabbacd-3ae6-4341-853f-b09d14a73847","1627282800","602"
"82","1627714799","0","US $124.95","US $22.49","1412","US $124.95","US $124.95","1","4.6","//www.aliexpress.com/item/1005002278559871.html?pdp_ext_f=%7B%22sku_id%22:%2212000019885563965%22,%22ship_from%22:%22CN%22%7D&gps-id=5547572&scm=1007.19201.130907.0&scm_id=1007.19201.130907.0&scm-url=1007.19201.130907.0&pvid=4fabbacd-3ae6-4341-853f-b09d14a73847","1005002278559871","//ae01.alicdn.com/kf/H2645d4ab03444e5daf5a0d5fbf048661T.jpg_350x350.jpg","0.0","LIGE New Smart Watch Men And Women Sports watch Blood pressure Sleep Monitoring Fitness tracker Android ios pedometer Smartwatch","1910298099","248285832","//www.aliexpress.com/store/911599296?t_activity=1&t_cache=1&gps-id=5547572&scm=1007.19201.130907.0&scm_id=1007.19201.130907.0&scm-url=1007.19201.130907.0&pvid=4fabbacd-3ae6-4341-853f-b09d14a73847","1627542000","1412"
"83","1627628399","0","US $184.95","US $31.44","1853","US $184.95","US $184.95","1","4.8","//www.aliexpress.com/item/1005002328712296.html?pdp_ext_f=%7B%22sku_id%22:%2212000020109396677%22,%22ship_from%22:%22ES%22%7D&gps-id=5547572&scm=1007.19201.130907.0&scm_id=1007.19201.130907.0&scm-url=1007.19201.130907.0&pvid=4fabbacd-3ae6-4341-853f-b09d14a73847","1005002328712296","//ae01.alicdn.com/kf/Hd85209cf0bb64c88986694a964f25a55J.jpg_350x350.jpg","0.0","LIGE New Smart watch Men Heart rate Blood pressure Full touch screen sports Fitness watch Bluetooth for Android iOS smart watch","1910288455","248285832","//www.aliexpress.com/store/911599296?t_activity=1&t_cache=1&gps-id=5547572&scm=1007.19201.130907.0&scm_id=1007.19201.130907.0&scm-url=1007.19201.130907.0&pvid=4fabbacd-3ae6-4341-853f-b09d14a73847","1627455600","1853"
"83","1627628399","0","US $449.95","US $76.49","236","US $449.95","US $449.95","1","4.9","//www.aliexpress.com/item/1005001562794449.html?pdp_ext_f=%7B%22sku_id%22:%2212000023269987606%22,%22ship_from%22:%22CN%22%7D&gps-id=5547572&scm=1007.19201.130907.0&scm_id=1007.19201.130907.0&scm-url=1007.19201.130907.0&pvid=4fabbacd-3ae6-4341-853f-